#{"t_start": 1782735274.7073853, "env_id": "Reacher-v5"}
r,l,t
-63.359485,50,1.740211
-62.309725,50,1.795583
-54.555875,50,1.860729
-64.129559,50,1.934237
-61.862199,50,2.002576
-63.440142,50,2.062512
-57.811508,50,2.119291
-64.134109,50,2.188378
-48.153105,50,2.256901
-67.531849,50,2.324071
-64.320906,50,2.382442
-59.826312,50,2.434431
-71.137446,50,2.491917
-55.58152,50,2.557741
-64.516676,50,2.624251
-65.111392,50,2.687545
-63.276125,50,2.744856
-62.253174,50,2.809141
-63.514911,50,2.869197
-63.008482,50,2.934721
-63.097416,50,3.000699
-66.380456,50,3.063557
-72.917933,50,3.117657
-60.907979,50,3.170228
-66.039395,50,3.234376
-63.774598,50,3.303463
-59.260759,50,3.35918
-56.651723,50,3.413413
-67.788391,50,3.47646
-60.829838,50,3.53285
-52.483034,50,3.589429
-65.901309,50,3.658736
-54.531467,50,3.726703
-62.896741,50,3.781299
-62.822791,50,3.840455
-63.060967,50,3.895154
-58.884059,50,3.949152
-64.63515,50,4.003543
-60.295012,50,4.071622
-56.425554,50,4.139568
-62.577792,50,5.834059
-58.49656,50,5.885375
-62.666867,50,5.940687
-47.489511,50,6.003923
-62.314187,50,6.059629
-58.56996,50,6.114164
-52.599884,50,6.165987
-57.742381,50,6.228451
-63.823601,50,6.287488
-64.221299,50,6.347634
-54.630002,50,6.401011
-57.232214,50,6.459547
-54.905469,50,6.512194
-60.897989,50,6.569261
-52.072333,50,6.619554
-53.798228,50,6.675393
-58.88953,50,6.735892
-61.169625,50,6.79903
-53.052613,50,6.863127
-59.938117,50,6.922872
-64.831442,50,6.98059
-59.381436,50,7.051649
-62.230987,50,7.112597
-58.757738,50,7.167951
-50.732491,50,7.232809
-58.540016,50,7.304419
-63.832863,50,7.370522
-63.861865,50,7.43801
-50.738773,50,7.49388
-68.315213,50,7.558707
-57.962044,50,7.63228
-59.124208,50,7.70058
-53.535917,50,7.762566
-47.7191,50,7.831207
-58.614833,50,7.90034
-56.418311,50,7.959829
-66.208174,50,8.033378
-50.485485,50,8.102316
-62.836226,50,8.161409
-56.821645,50,8.221251
-55.494053,50,8.288612
-61.381854,50,9.488309
-63.843358,50,9.53961
-59.31958,50,9.596751
-54.087973,50,9.650269
-60.966519,50,9.70194
-58.612903,50,9.764823
-59.551334,50,9.83075
-58.827586,50,9.895881
-55.359536,50,9.954772
-61.57955,50,10.021576
-53.907632,50,10.077186
-61.028691,50,10.142457
-56.906045,50,10.198998
-62.141636,50,10.267655
-63.370461,50,10.334535
-52.973041,50,10.406816
-56.7104,50,10.474623
-51.448006,50,10.540204
-56.275119,50,10.603137
-52.769253,50,10.658935
-61.854504,50,10.725295
-65.094446,50,10.792952
-55.751243,50,10.862061
-51.388456,50,10.920935
-62.178112,50,10.983182
-65.560687,50,11.05517
-52.834318,50,11.123075
-63.484054,50,11.189572
-68.55465,50,11.263213
-57.830994,50,11.325484
-60.018772,50,11.385317
-58.220222,50,11.448327
-58.422738,50,11.509181
-59.980811,50,11.564384
-64.095898,50,11.627275
-54.235709,50,11.692275
-50.775849,50,11.754296
-52.738429,50,11.821491
-62.410619,50,11.879407
-60.993718,50,11.949652
-56.179474,50,12.011604
-60.949914,50,13.301071
-62.057521,50,13.368811
-51.947494,50,13.436598
-57.766422,50,13.498197
-57.538146,50,13.555085
-56.974357,50,13.622414
-64.137686,50,13.695537
-68.249993,50,13.76504
-57.465976,50,13.831646
-55.527821,50,13.895684
-64.178936,50,13.964709
-69.444392,50,14.023918
-60.189477,50,14.087838
-52.8021,50,14.152727
-56.467593,50,14.225178
-60.311274,50,14.288709
-63.550809,50,14.359424
-67.141621,50,14.429888
-61.11988,50,14.48564
-53.0521,50,14.548831
-60.099229,50,14.608703
-61.406517,50,14.670112
-55.615297,50,14.725813
-60.264596,50,14.777677
-63.707247,50,14.827122
-65.503723,50,14.877553
-61.147825,50,14.944545
-59.585348,50,15.004957
-55.703766,50,15.059333
-61.709753,50,15.112846
-66.792601,50,15.1653
-55.846406,50,15.22274
-59.495489,50,15.282152
-60.262673,50,15.3356
-53.329687,50,15.392216
-54.219561,50,15.45387
-58.714181,50,15.504861
-54.009335,50,15.558165
-56.292046,50,15.621396
-65.46885,50,15.687642
-56.317745,50,15.744526
-56.749868,50,16.973587
-61.950868,50,17.042356
-61.592799,50,17.103585
-60.88875,50,17.166014
-60.947571,50,17.239921
-62.287872,50,17.29873
-64.904184,50,17.369067
-62.938485,50,17.430244
-61.210251,50,17.495025
-67.577269,50,17.567552
-61.694759,50,17.641583
-63.097625,50,17.714364
-60.712714,50,17.777386
-67.46092,50,17.835014
-65.802954,50,17.890463
-64.062654,50,17.950766
-69.477099,50,18.012896
-72.806361,50,18.070445
-60.297213,50,18.122127
-67.986274,50,18.182274
-69.475805,50,18.235865
-64.170413,50,18.300813
-61.575389,50,18.364302
-66.295942,50,18.435992
-65.801086,50,18.501949
-62.417253,50,18.570254
-65.308122,50,18.644878
-63.025748,50,18.71555
-72.810744,50,18.789985
-59.934135,50,18.860635
-66.167339,50,18.931427
-62.976492,50,18.987786
-71.070793,50,19.053747
-67.686785,50,19.125935
-68.634804,50,19.201095
-61.788811,50,19.27171
-70.073708,50,19.331563
-68.393228,50,19.3856
-63.674724,50,19.451883
-62.73178,50,19.522361
-70.196118,50,19.58961
-66.2822,50,20.81598
-67.387133,50,20.871038
-66.566361,50,20.921547
-57.234962,50,20.977759
-64.615437,50,21.036568
-66.627112,50,21.090618
-63.646054,50,21.157047
-77.642021,50,21.22279
-61.626308,50,21.28451
-61.159588,50,21.347235
-66.077509,50,21.409105
-58.973465,50,21.470765
-58.178172,50,21.534621
-69.798102,50,21.594497
-72.526839,50,21.654449
-65.216241,50,21.713016
-71.947489,50,21.776389
-57.449669,50,21.838457
-65.839829,50,21.903764
-70.311855,50,21.961531
-67.579391,50,22.029476
-69.246305,50,22.084983
-68.17512,50,22.144619
-60.291012,50,22.20297
-69.348401,50,22.257195
-59.880974,50,22.320106
-61.348118,50,22.385002
-71.144385,50,22.446698
-67.689645,50,22.506846
-62.614346,50,22.576768
-72.87106,50,22.644417
-67.059346,50,22.715491
-63.942144,50,22.786106
-66.008023,50,22.852368
-67.418967,50,22.918261
-60.484482,50,22.974665
-58.309962,50,23.037767
-75.446479,50,23.096452
-71.460343,50,23.160265
-64.070764,50,23.217814
-76.179589,50,23.282269
-63.042769,50,24.543399
-64.691602,50,24.607955
-74.159909,50,24.664451
-69.166457,50,24.724253
-70.233451,50,24.778172
-75.032825,50,24.839141
-70.556478,50,24.899093
-71.08268,50,24.969835
-67.868903,50,25.043331
-68.641621,50,25.111591
-72.947855,50,25.180498
-68.941415,50,25.239628
-74.548257,50,25.304022
-70.946086,50,25.381111
-66.061655,50,25.45881
-68.972561,50,25.521528
-64.907127,50,25.581409
-72.722495,50,25.643581
-69.420001,50,25.705321
-70.705985,50,25.757559
-65.614293,50,25.81659
-66.858631,50,25.867688
-72.077287,50,25.929759
-72.796565,50,25.991584
-75.370098,50,26.047723
-65.172282,50,26.10861
-72.198244,50,26.167034
-75.169916,50,26.228668
-72.385112,50,26.288063
-66.879337,50,26.339442
-69.313361,50,26.399057
-71.062947,50,26.45734
-73.422494,50,26.510545
-69.660141,50,26.571043
-74.631022,50,26.626762
-71.907567,50,26.679466
-66.325087,50,26.727665
-75.499594,50,26.77735
-68.131727,50,26.837674
-68.328154,50,26.897375
-64.042782,50,26.950547
-65.233318,50,28.001472
-69.078758,50,28.052741
-66.76908,50,28.105231
-75.939361,50,28.15648
-62.019584,50,28.206056
-76.85248,50,28.259033
-72.581245,50,28.316734
-77.301014,50,28.376372
-63.308736,50,28.429613
-70.580655,50,28.482048
-73.666627,50,28.531681
-72.622241,50,28.590137
-61.762902,50,28.647596
-68.554934,50,28.69896
-77.399228,50,28.759949
-70.618729,50,28.8181
-69.57863,50,28.877437
-75.020645,50,28.93108
-65.811651,50,28.986934
-65.485025,50,29.04105
-71.711365,50,29.099762
-71.129059,50,29.163642
-64.437825,50,29.22352
-64.713923,50,29.277683
-69.636025,50,29.328671
-65.52399,50,29.392557
-66.306669,50,29.446908
-62.743404,50,29.499488
-69.472583,50,29.560042
-65.354312,50,29.618844
-67.096576,50,29.669131
-70.511543,50,29.727967
-71.000993,50,29.79149
-68.937339,50,29.849297
-70.48433,50,29.908991
-69.260581,50,29.969485
-72.423854,50,30.026177
-73.068637,50,30.0859
-72.631964,50,30.148475
-62.66986,50,30.213984
-72.033061,50,30.275031
-67.523939,50,31.363
-78.158272,50,31.42818
-63.919865,50,31.484421
-74.145667,50,31.534356
-75.41994,50,31.594035
-74.602467,50,31.655058
-69.682241,50,31.717096
-72.611354,50,31.772014
-71.50054,50,31.829267
-63.266553,50,31.884076
-73.119918,50,31.942642
-71.824162,50,31.997656
-69.240232,50,32.056252
-71.004418,50,32.117657
-70.413507,50,32.17993
-72.403235,50,32.239952
-68.149261,50,32.304414
-69.965057,50,32.367041
-71.275522,50,32.423579
-72.734479,50,32.490279
-71.465285,50,32.551195
-67.796628,50,32.611184
-73.654779,50,32.66108
-66.830469,50,32.718402
-66.868366,50,32.781434
-78.022273,50,32.841919
-71.853549,50,32.899212
-72.320707,50,32.95982
-67.446243,50,33.014525
-68.598045,50,33.07155
-74.320549,50,33.124457
-70.790673,50,33.179666
-72.182046,50,33.232484
-71.060612,50,33.286472
-71.417708,50,33.345564
-70.569031,50,33.411085
-73.6239,50,33.469213
-70.992217,50,33.522847
-65.743523,50,33.577732
-75.398587,50,33.633605
-68.521926,50,33.684113
-72.760677,50,34.762157
-81.389885,50,34.81551
-67.293359,50,34.872152
-76.535625,50,34.92685
-68.850093,50,34.98601
-76.275262,50,35.046575
-62.654398,50,35.101809
-68.888706,50,35.155986
-67.609208,50,35.212283
-65.113843,50,35.271269
-72.097082,50,35.32724
-64.72784,50,35.384543
-74.075338,50,35.436426
-74.58337,50,35.488473
-68.896293,50,35.538625
-67.523138,50,35.592233
-66.51578,50,35.650978
-67.648703,50,35.710178
-61.813039,50,35.766024
-66.273934,50,35.82102
-64.025689,50,35.876459
-65.871822,50,35.932778
-70.947456,50,35.988495
-63.296975,50,36.045151
-68.454141,50,36.10116
-70.940255,50,36.158851
-68.237603,50,36.214166
-75.501481,50,36.265315
-70.14916,50,36.323927
-63.122852,50,36.380322
-74.261659,50,36.433155
-68.640003,50,36.490107
-71.157944,50,36.545499
-69.678142,50,36.600148
-70.510111,50,36.655661
-70.474374,50,36.712967
-73.982659,50,36.767392
-74.450717,50,36.823848
-67.591043,50,36.874985
-70.668654,50,36.928994
-63.685048,50,36.982691
-78.165791,50,38.085443
-75.751726,50,38.144518
-78.779371,50,38.209561
-81.904125,50,38.270537
-81.631368,50,38.331568
-77.031546,50,38.38567
-86.106707,50,38.451508
-87.026882,50,38.507029
-79.17971,50,38.565762
-87.294319,50,38.618376
-71.31342,50,38.685351
-82.759104,50,38.748696
-69.529582,50,38.805011
-87.543359,50,38.861341
-88.065191,50,38.920607
-89.147671,50,38.971183
-80.648905,50,39.02806
-90.190426,50,39.084183
-72.218768,50,39.136611
-74.884953,50,39.192602
-90.639917,50,39.242892
-82.352941,50,39.294562
-73.202138,50,39.346403
-61.420926,50,39.399463
-78.711369,50,39.453622
-80.017623,50,39.510027
-74.297173,50,39.567726
-77.495992,50,39.623303
-81.102039,50,39.683909
-77.382502,50,39.745516
-82.986879,50,39.801471
-83.980239,50,39.863161
-84.293105,50,39.932235
-80.804344,50,39.990777
-82.572155,50,40.059306
-82.111028,50,40.13004
-69.418379,50,40.196634
-68.267677,50,40.262441
-88.533306,50,40.335827
-77.763866,50,40.403569
-83.68133,50,40.48018
-101.330125,50,41.715056
-103.08569,50,41.770043
-104.379492,50,41.824303
-103.618959,50,41.884229
-110.746277,50,41.948565
-110.254653,50,42.014962
-105.375791,50,42.075144
-108.605342,50,42.14369
-103.215493,50,42.215151
-107.706292,50,42.280759
-115.893265,50,42.349823
-110.788575,50,42.406007
-109.679238,50,42.469383
-108.827687,50,42.53275
-104.916137,50,42.599771
-108.495616,50,42.666431
-113.212236,50,42.730134
-110.640208,50,42.796934
-109.58576,50,42.859808
-108.820744,50,42.925694
-110.5834,50,42.990705
-110.83443,50,43.056185
-101.825655,50,43.1195
-106.686981,50,43.191647
-104.04213,50,43.262444
-109.100686,50,43.331628
-105.641576,50,43.392623
-106.168164,50,43.449783
-109.419065,50,43.518373
-106.841092,50,43.574077
-108.721119,50,43.633937
-104.986128,50,43.686955
-113.94251,50,43.741167
-106.45907,50,43.792009
-117.73758,50,43.846005
-109.504737,50,43.91385
-113.291808,50,43.977953
-115.950802,50,44.04232
-108.403185,50,44.099727
-104.681083,50,44.160696
-106.479684,50,44.22873
-117.82916,50,45.388707
-107.2105,50,45.440404
-113.459313,50,45.502655
-111.970219,50,45.567018
-115.710951,50,45.623286
-114.484931,50,45.684426
-108.429898,50,45.738934
-116.715761,50,45.794348
-105.356002,50,45.85427
-111.45285,50,45.916077
-105.05223,50,45.970932
-114.482937,50,46.025501
-112.606485,50,46.078356
-106.828722,50,46.141011
-113.880413,50,46.197802
-115.546689,50,46.253873
-104.488723,50,46.309325
-105.799345,50,46.373574
-114.223203,50,46.430495
-111.992866,50,46.482545
-104.717361,50,46.543097
-104.482476,50,46.607503
-110.826242,50,46.67421
-106.619292,50,46.739045
-109.925938,50,46.798388
-118.342969,50,46.859188
-108.898636,50,46.929446
-114.131745,50,46.991929
-112.457021,50,47.049032
-112.177667,50,47.10939
-118.411854,50,47.165065
-115.95871,50,47.217403
-116.81971,50,47.277396
-110.735208,50,47.333787
-110.222938,50,47.391242
-111.270996,50,47.4537
-111.812677,50,47.506953
-107.589189,50,47.560751
-117.755618,50,47.623525
-115.873161,50,47.688913
-109.71016,50,47.750665
-117.088262,50,49.00201
-111.001214,50,49.058921
-110.526158,50,49.114613
-117.654926,50,49.174283
-110.421759,50,49.232813
-115.48315,50,49.290025
-111.864702,50,49.347662
-108.732068,50,49.413856
-116.924179,50,49.478857
-108.793426,50,49.538243
-111.441857,50,49.60137
-107.792765,50,49.666695
-114.200658,50,49.733382
-117.534728,50,49.793088
-115.189549,50,49.851116
-113.091791,50,49.918979
-107.480435,50,49.976951
-105.880427,50,50.045979
-110.384637,50,50.113502
-108.26995,50,50.173232
-108.380855,50,50.231462
-104.956589,50,50.294134
-115.477875,50,50.360849
-106.586289,50,50.429797
-109.346951,50,50.499084
-117.724447,50,50.560616
-108.015501,50,50.630862
-108.252627,50,50.697175
-110.835895,50,50.763684
-115.986531,50,50.833617
-114.508303,50,50.903815
-118.146122,50,50.963873
-117.425724,50,51.036616
-113.480283,50,51.092772
-107.896765,50,51.15761
-106.04626,50,51.229072
-109.451783,50,51.293331
-110.814639,50,51.359806
-118.179666,50,51.425033
-112.983899,50,51.488251
-106.119504,50,51.545771
-117.540271,50,52.768868
-114.873014,50,52.824718
-108.653026,50,52.878776
-112.782885,50,52.932451
-112.657025,50,52.999992
-114.463914,50,53.064801
-109.454558,50,53.133684
-115.600902,50,53.19095
-110.38811,50,53.252904
-111.773271,50,53.324867
-105.003604,50,53.382295
-109.466966,50,53.451135
-113.617,50,53.505366
-108.119542,50,53.564006
-116.217663,50,53.630807
-112.769456,50,53.696725
-110.873813,50,53.75673
-110.448407,50,53.819616
-115.864737,50,53.874141
-115.747669,50,53.938777
-108.154519,50,54.000411
-115.182129,50,54.060701
-105.085026,50,54.12142
-117.083561,50,54.180747
-117.622757,50,54.244203
-111.315969,50,54.299632
-109.857266,50,54.363935
-106.074044,50,54.426325
-106.799173,50,54.49122
-104.825246,50,54.554773
-104.664973,50,54.619717
-115.999116,50,54.687117
-109.064167,50,54.756309
-116.58982,50,54.816656
-108.26615,50,54.875425
-111.129894,50,54.93374
-116.211596,50,54.991063
-116.233121,50,55.051659
-113.625455,50,55.126371
-114.46125,50,55.196947
-114.709177,50,55.259127
-113.005002,50,56.559683
-111.797249,50,56.613003
-107.70598,50,56.676599
-110.997211,50,56.744397
-112.142859,50,56.817387
-114.330253,50,56.885866
-112.914598,50,56.955746
-107.079187,50,57.023487
-109.485773,50,57.0894
-108.078251,50,57.154567
-114.533255,50,57.230791
-109.927413,50,57.29196
-118.351508,50,57.353697
-110.492323,50,57.41265
-109.699603,50,57.469683
-104.587399,50,57.531704
-104.786809,50,57.593121
-113.911437,50,57.654013
-109.46037,50,57.712782
-116.092361,50,57.771584
-117.673243,50,57.831759
-107.273364,50,57.8924
-109.241681,50,57.952943
-105.876122,50,58.01243
-104.597163,50,58.074245
-106.650713,50,58.141506
-105.90386,50,58.201271
-109.533756,50,58.266398
-105.514173,50,58.332917
-113.955684,50,58.393383
-112.081011,50,58.451879
-110.395517,50,58.520206
-111.910294,50,58.588645
-105.856198,50,58.642854
-109.327605,50,58.709321
-112.457106,50,58.76845
-114.327794,50,58.830203
-104.515459,50,58.901242
-104.461243,50,58.974743
-114.290319,50,59.043901
-111.50748,50,59.113835
-108.780279,50,60.48509
-107.204331,50,60.553541
-114.979969,50,60.621945
-105.778546,50,60.687548
-117.5636,50,60.749461
-112.399185,50,60.81811
-113.265859,50,60.899747
-113.538415,50,60.976843
-105.901928,50,61.040984
-111.604068,50,61.116123
-107.038236,50,61.184378
-105.289753,50,61.255501
-112.424116,50,61.321667
-109.539789,50,61.384465
-108.54304,50,61.452473
-115.211324,50,61.51479
-109.054572,50,61.583066
-106.969815,50,61.638756
-110.727014,50,61.708339
-108.577685,50,61.777068
-110.746067,50,61.846796
-111.517364,50,61.92128
-104.394338,50,61.992303
-115.082827,50,62.058104
-109.235966,50,62.127369
-114.038337,50,62.198513
-117.552476,50,62.265838
-108.81403,50,62.332382
-104.493514,50,62.390028
-111.19316,50,62.44608
-112.543024,50,62.520189
-104.622234,50,62.588665
-116.326245,50,62.654444
-113.128681,50,62.715966
-107.630182,50,62.780926
-117.124483,50,62.853926
-116.146045,50,62.91034
-118.718028,50,62.973647
-117.68961,50,63.03307
-105.097682,50,63.096708
-106.588281,50,63.162753
-108.352691,50,64.415256
-115.505935,50,64.485117
-116.602363,50,64.55151
-106.706984,50,64.615989
-116.136015,50,64.679611
-114.162537,50,64.744271
-104.491096,50,64.814021
-115.475331,50,64.878374
-110.874994,50,64.949574
-113.610092,50,65.010858
-106.562364,50,65.080936
-114.343918,50,65.148468
-111.126932,50,65.207858
-110.434151,50,65.27397
-113.488026,50,65.335284
-115.356033,50,65.404048
-109.317859,50,65.473967
-116.809458,50,65.543177
-111.955163,50,65.607775
-104.895977,50,65.688022
-113.23598,50,65.762195
-114.902349,50,65.821247
-106.466161,50,65.880475
-116.938038,50,65.934018
-107.694208,50,65.994983
-107.233574,50,66.074299
-112.842829,50,66.173608
-110.343689,50,66.235332
-108.210603,50,66.298136
-112.820881,50,66.355707
-117.085477,50,66.419022
-114.834443,50,66.481075
-115.96089,50,66.542521
-114.409471,50,66.633965
-104.49025,50,66.706415
-107.929343,50,66.766504
-105.644649,50,66.824154
-108.600679,50,66.888111
-112.045113,50,66.943538
-106.089854,50,66.999952
-107.532206,50,67.060808
-108.289749,50,68.345335
-106.841714,50,68.40078
-114.555341,50,68.461096
-114.601941,50,68.527887
-109.540381,50,68.588903
-110.373554,50,68.661991
-106.860001,50,68.718406
-110.730573,50,68.783478
-112.269225,50,68.867767
-112.01871,50,68.95227
-108.2049,50,69.009179
-110.963059,50,69.066927
-114.78386,50,69.12756
-115.734542,50,69.191366
-114.197275,50,69.256741
-104.988374,50,69.321894
-108.620893,50,69.384853
-105.098775,50,69.444219
-105.836229,50,69.506714
-107.74509,50,69.567426
-117.923607,50,69.634333
-104.547425,50,69.698939
-114.010363,50,69.777812
-113.431413,50,69.849568
-105.754957,50,69.907983
-107.688896,50,69.973297
-105.118036,50,70.03582
-105.521656,50,70.098866
-109.367279,50,70.162945
-107.555044,50,70.221108
-118.164595,50,70.276239
-107.877203,50,70.33277
-105.78312,50,70.391578
-107.91976,50,70.448122
-106.734278,50,70.501904
-112.62009,50,70.557034
-108.211566,50,70.61211
-108.078804,50,70.679474
-117.614856,50,70.736647
-108.077479,50,70.797109
-117.118653,50,70.85789
-111.11422,50,72.059411
-108.974554,50,72.11287
-113.167124,50,72.169879
-109.788122,50,72.222652
-110.998723,50,72.274602
-112.266756,50,72.334344
-114.102903,50,72.398559
-115.315712,50,72.457958
-104.714174,50,72.516253
-116.089053,50,72.57828
-115.450492,50,72.635444
-111.375636,50,72.699301
-110.547838,50,72.758302
-117.211677,50,72.816446
-109.806141,50,72.880279
-111.993663,50,72.945441
-107.934523,50,73.002025
-107.281637,50,73.060106
-110.53715,50,73.117931
-105.342736,50,73.181623
-107.609497,50,73.24232
-105.488138,50,73.300043
-113.65796,50,73.371591
-112.428769,50,73.442557
-112.452582,50,73.505734
-104.761733,50,73.57542
-107.127225,50,73.638026
-108.463394,50,73.705701
-109.052414,50,73.765222
-108.960301,50,73.826473
-106.668888,50,73.896669
-104.948973,50,73.959808
-105.144091,50,74.017505
-114.696382,50,74.079291
-114.141755,50,74.140419
-111.83614,50,74.209436
-115.495118,50,74.282423
-104.592948,50,74.339773
-104.905682,50,74.405967
-105.703106,50,74.479434
-112.694151,50,74.550119
-115.812414,50,75.859672
-107.068215,50,75.927721
-108.414076,50,75.979806
-115.775668,50,76.04348
-114.457447,50,76.114429
-115.057753,50,76.182439
-116.235038,50,76.247556
-111.856328,50,76.311566
-105.076178,50,76.382124
-111.236949,50,76.449323
-109.519739,50,76.508771
-107.786831,50,76.572782
-113.392305,50,76.626607
-107.606292,50,76.693646
-110.611932,50,76.766159
-106.801468,50,76.818853
-105.929035,50,76.886171
-105.711369,50,76.955441
-107.436587,50,77.011455
-115.64187,50,77.079343
-114.807641,50,77.134133
-108.38104,50,77.188696
-117.939215,50,77.248274
-109.10198,50,77.321931
-106.853781,50,77.39112
-106.25632,50,77.460113
-106.065518,50,77.530591
-105.328816,50,77.599929
-107.10461,50,77.655595
-105.158672,50,77.728667
-114.816589,50,77.786
-113.518371,50,77.842379
-112.688374,50,77.911909
-109.106493,50,77.982026
-118.345753,50,78.051177
-109.767281,50,78.112203
-105.921716,50,78.172893
-113.614189,50,78.229244
-112.316056,50,78.289083
-108.737944,50,78.350539
-110.843881,50,78.421163
-108.135576,50,79.701495
-115.001927,50,79.76103
-107.497305,50,79.817819
-104.484109,50,79.884164
-117.426675,50,79.96097
-112.794364,50,80.029559
-106.454318,50,80.10229
-114.293535,50,80.172561
-114.173548,50,80.23724
-111.018291,50,80.290895
-110.978074,50,80.354359
-116.851019,50,80.426083
-117.95123,50,80.496295
-112.044071,50,80.5661
-111.601009,50,80.633577
-111.758162,50,80.703822
-111.083909,50,80.774136
-111.896176,50,80.840408
-107.806874,50,80.92873
-108.285195,50,80.997464
-116.886414,50,81.068749
-112.958442,50,81.138845
-106.460283,50,81.199403
-114.064373,50,81.26852
-105.52928,50,81.332644
-116.274333,50,81.404851
-110.850491,50,81.472286
-105.140082,50,81.537449
-117.644613,50,81.604698
-111.864962,50,81.679589
-109.065029,50,81.747997
-109.272688,50,81.809672
-112.061572,50,81.866796
-116.291667,50,81.933668
-108.408011,50,82.010356
-107.653287,50,82.080937
-113.449747,50,82.138731
-110.007531,50,82.211786
-111.688738,50,82.275744
-105.523188,50,82.346484
-105.743237,50,82.415759
-109.425883,50,83.652295
-117.138255,50,83.705701
-105.615937,50,83.765673
-114.210111,50,83.823171
-106.77264,50,83.889916
-114.489817,50,83.95645
-115.61836,50,84.019191
-112.535959,50,84.080213
-116.178163,50,84.142406
-118.332969,50,84.198169
-108.884667,50,84.255991
-114.999993,50,84.313796
-118.092542,50,84.375452
-108.38221,50,84.432805
-112.357852,50,84.484911
-110.894115,50,84.546694
-117.774105,50,84.613789
-114.043154,50,84.678417
-110.997331,50,84.740097
-113.787759,50,84.79534
-113.028799,50,84.853209
-108.783856,50,84.92057
-105.060753,50,84.976356
-106.980827,50,85.028223
-112.187862,50,85.082656
-105.810231,50,85.138607
-115.849702,50,85.193677
-106.31604,50,85.246266
-115.014841,50,85.309572
-110.860707,50,85.369534
-110.693132,50,85.425856
-114.273145,50,85.490685
-113.875011,50,85.563576
-114.825728,50,85.633946
-109.752473,50,85.693938
-109.928626,50,85.757557
-114.522595,50,85.828099
-109.149372,50,85.896927
-111.362931,50,85.957494
-105.952631,50,86.018229
-108.086382,50,86.081867
-105.566252,50,87.303315
-109.868919,50,87.356655
-105.851178,50,87.415278
-118.355501,50,87.465086
-105.109365,50,87.524657
-106.788234,50,87.587209
-106.722096,50,87.654991
-115.439636,50,87.713856
-112.090233,50,87.769688
-112.510753,50,87.841133
-110.176124,50,87.906729
-104.407748,50,87.971462
-106.460497,50,88.027038
-106.865384,50,88.084936
-107.980576,50,88.15376
-112.112485,50,88.219776
-105.558217,50,88.292753
-106.554738,50,88.364816
-107.346862,50,88.418584
-113.463226,50,88.478977
-113.724305,50,88.531726
-107.82397,50,88.582702
-113.989406,50,88.633474
-111.064048,50,88.695983
-113.51336,50,88.756886
-106.098484,50,88.812101
-107.233486,50,88.867373
-110.737271,50,88.923043
-108.064918,50,88.987087
-111.838323,50,89.047905
-108.759971,50,89.110833
-104.387387,50,89.172459
-110.526708,50,89.229573
-108.520497,50,89.28349
-113.753619,50,89.343669
-115.156747,50,89.399521
-109.523341,50,89.453852
-117.565486,50,89.516121
-108.575042,50,89.574107
-110.429132,50,89.629725
-117.696265,50,89.684676
-107.941574,50,90.878415
-111.56081,50,90.939364
-106.05336,50,90.997987
-111.856974,50,91.058666
-115.217978,50,91.121038
-110.624203,50,91.176173
-108.508173,50,91.240091
-113.431959,50,91.314244
-109.622872,50,91.388777
-113.079573,50,91.460454
-113.559713,50,91.52338
-104.698502,50,91.582419
-108.458015,50,91.63636
-108.874614,50,91.699823
-109.830425,50,91.765481
-117.572658,50,91.841425
-105.108741,50,91.906837
-105.741394,50,91.974582
-117.559217,50,92.027717
-108.770584,50,92.100313
-104.702126,50,92.154645
-107.972379,50,92.229354
-114.836629,50,92.28617
-118.317423,50,92.354274
-112.275198,50,92.425951
-110.030807,50,92.493081
-107.748313,50,92.555273
-115.386934,50,92.619037
-111.057892,50,92.672917
-108.396548,50,92.744354
-111.00291,50,92.816632
-107.808921,50,92.879038
-107.816861,50,92.93631
-109.43387,50,93.003619
-111.064867,50,93.059103
-116.270422,50,93.11376
-109.766605,50,93.167237
-108.923629,50,93.219479
-117.777197,50,93.27502
-117.858282,50,93.333827
-108.555885,50,93.384422
-112.982948,50,94.52984
-113.030922,50,94.593444
-106.741357,50,94.646898
-104.47395,50,94.702644
-105.226674,50,94.759052
-110.031375,50,94.829458
-107.340604,50,94.900256
-116.61647,50,94.959669
-110.816446,50,95.020396
-105.757987,50,95.073414
-117.437694,50,95.133558
-106.807745,50,95.189938
-110.073189,50,95.240514
-104.734378,50,95.29274
-110.856224,50,95.348269
-106.085666,50,95.411599
-105.299682,50,95.47584
-108.197115,50,95.534655
-105.197101,50,95.590241
-111.107788,50,95.651819
-107.665693,50,95.719221
-110.475122,50,95.774652
-112.003312,50,95.826723
-118.166935,50,95.877086
-110.63484,50,95.934094
-114.811037,50,95.991816
-113.031028,50,96.045629
-117.177004,50,96.101995
-105.141581,50,96.165764
-116.165063,50,96.221174
-110.718906,50,96.272541
-106.83239,50,96.327651
-110.085347,50,96.386041
-113.178579,50,96.452412
-114.888101,50,96.514089
-106.3416,50,96.568515
-111.209522,50,96.63106
-111.498309,50,96.689057
-104.656158,50,96.7477
-104.426635,50,96.813276
-113.757819,50,97.956204
-112.495593,50,98.019857
-109.955917,50,98.07219
-109.343002,50,98.131594
-104.638203,50,98.190185
-113.198694,50,98.25437
-110.230557,50,98.315284
-105.011971,50,98.367003
-108.157193,50,98.423223
-107.917872,50,98.491282
-106.848953,50,98.55249
-104.549016,50,98.620216
-105.136689,50,98.679153
-104.769123,50,98.736258
-112.107827,50,98.801411
-113.981135,50,98.856981
-117.394847,50,98.909349
-112.416216,50,98.96748
-116.259051,50,99.031032
-104.930548,50,99.087849
-109.62314,50,99.141183
-107.427517,50,99.209917
-113.647766,50,99.27262
-112.170738,50,99.326759
-107.842944,50,99.39744
-117.55608,50,99.471027
-114.536727,50,99.541811
-104.527234,50,99.596736
-110.08003,50,99.654655
-115.92041,50,99.709984
-115.762751,50,99.760417
-105.805776,50,99.809502
-111.073644,50,99.859031
-113.753526,50,99.911812
-111.95322,50,99.978967
-110.678174,50,100.040267
-104.482597,50,100.104598
-106.603121,50,100.175259
-110.19543,50,100.232741
-117.070152,50,100.29518
-112.979336,50,100.3608
-114.842407,50,101.512777
-113.311763,50,101.56293
-108.562459,50,101.618631
-114.512557,50,101.669534
-108.662432,50,101.733082
-106.784609,50,101.794378
-112.523455,50,101.856229
-111.221206,50,101.911753
-108.693341,50,101.971693
-112.163405,50,102.031604
-113.281965,50,102.102421
-114.485837,50,102.167959
-116.53979,50,102.224513
-116.375223,50,102.288072
-116.829483,50,102.342943
-115.950086,50,102.407165
-106.30142,50,102.469553
-113.086606,50,102.535371
-114.157636,50,102.596056
-108.077323,50,102.650262
-114.944997,50,102.704762
-113.278039,50,102.758565
-108.529669,50,102.809265
-108.95984,50,102.860673
-107.074248,50,102.919461
-107.596756,50,102.976465
-106.510943,50,103.043846
-110.981371,50,103.103238
-117.762773,50,103.157671
-107.158279,50,103.21185
-116.442982,50,103.264158
-111.050536,50,103.324521
-114.438897,50,103.391981
-108.182342,50,103.441438
-115.357644,50,103.493324
-112.163163,50,103.547452
-105.116749,50,103.601964
-110.298159,50,103.665534
-105.166593,50,103.729905
-105.991532,50,103.79935
-107.610085,50,103.86439
-116.106749,50,105.021813
-107.110006,50,105.078255
-115.605764,50,105.148039
-114.026155,50,105.21928
-107.911892,50,105.279585
-116.181765,50,105.348922
-110.85493,50,105.422482
-108.88557,50,105.490706
-113.994646,50,105.559884
-113.266722,50,105.63287
-117.272978,50,105.688442
-105.931029,50,105.744277
-110.734488,50,105.809703
-107.719839,50,105.864672
-118.77457,50,105.930715
-107.211157,50,105.999118
-116.725636,50,106.072181
-112.619061,50,106.14741
-116.308546,50,106.216482
-110.553528,50,106.281913
-117.846655,50,106.336194
-108.629607,50,106.40384
-114.322094,50,106.474328
-114.287056,50,106.539493
-108.604681,50,106.609326
-113.231723,50,106.673834
-116.369124,50,106.7345
-115.165115,50,106.799715
-108.421201,50,106.868809
-110.046141,50,106.941931
-112.880527,50,107.011374
-112.395246,50,107.082144
-105.589547,50,107.149399
-112.448815,50,107.221275
-111.722653,50,107.291526
-118.243357,50,107.355699
-109.624877,50,107.426569
-111.164921,50,107.487464
-105.811904,50,107.558139
-107.385097,50,107.620844
-115.483866,50,107.674269
-115.875339,50,108.883918
-110.910009,50,108.938929
-111.402893,50,108.995376
-118.811088,50,109.063703
-111.658157,50,109.131484
-117.840158,50,109.202947
-109.514878,50,109.273239
-118.584814,50,109.339705
-114.710677,50,109.403588
-108.239931,50,109.474472
-111.092815,50,109.54361
-108.59878,50,109.595073
-107.68911,50,109.66199
-116.884617,50,109.733402
-116.909781,50,109.798474
-108.504139,50,109.868979
-108.184116,50,109.929579
-104.804778,50,109.995171
-115.556268,50,110.054433
-115.803532,50,110.119718
-112.952673,50,110.17396
-114.750685,50,110.232031
-104.781999,50,110.283812
-108.211291,50,110.344494
-111.86861,50,110.412144
-112.667972,50,110.478725
-112.350257,50,110.53352
-111.434794,50,110.587028
-108.758802,50,110.656389
-116.902743,50,110.721565
-114.882203,50,110.795373
-108.846632,50,110.858534
-110.077259,50,110.909984
-111.911596,50,110.967329
-115.781736,50,111.025922
-114.906741,50,111.082367
-114.241607,50,111.141025
-107.225848,50,111.21025
-115.830798,50,111.277513
-111.601747,50,111.340692
-114.748413,50,111.39255
-108.142176,50,112.68234
-111.59985,50,112.751213
-118.431177,50,112.811723
-113.546538,50,112.866001
-109.691316,50,112.937168
-104.802755,50,112.995586
-105.79842,50,113.053223
-115.966189,50,113.113246
-107.448335,50,113.18034
-112.587845,50,113.233421
-112.969248,50,113.292989
-106.499527,50,113.350586
-108.316496,50,113.417852
-112.971577,50,113.477997
-114.126729,50,113.534567
-109.749237,50,113.593677
-106.118091,50,113.651527
-110.829443,50,113.706253
-105.787405,50,113.75586
-105.478776,50,113.806572
-116.195448,50,113.856666
-107.016197,50,113.907834
-116.051143,50,113.970289
-108.926416,50,114.034933
-106.653581,50,114.090079
-113.788597,50,114.153121
-116.574208,50,114.209326
-109.881397,50,114.271181
-106.560994,50,114.337241
-105.782344,50,114.393322
-110.298587,50,114.448948
-110.260033,50,114.508383
-105.833479,50,114.5744
-108.041121,50,114.630193
-107.569466,50,114.694047
-111.468788,50,114.751241
-106.483745,50,114.808923
-117.29637,50,114.874018
-105.523158,50,114.931822
-107.275081,50,114.987317
-112.311965,50,115.054709
-111.159925,50,116.263164
-104.523442,50,116.332925
-106.055878,50,116.400616
-106.556887,50,116.45949
-107.143712,50,116.520185
-105.883764,50,116.591588
-105.682448,50,116.660248
-115.380658,50,116.728507
-107.778018,50,116.800041
-107.319906,50,116.863774
-107.352487,50,116.922903
-114.125337,50,116.98319
-115.910685,50,117.054171
-106.713012,50,117.128009
-114.697425,50,117.19126
-111.633847,50,117.255281
-108.395273,50,117.313008
-107.032534,50,117.384095
-108.880256,50,117.443024
-110.871085,50,117.512776
-108.507014,50,117.572587
-109.724969,50,117.62909
-114.131326,50,117.691996
-112.953537,50,117.765531
-106.086105,50,117.8214
-110.954513,50,117.873888
-117.298809,50,117.932447
-112.301518,50,117.991738
-108.544509,50,118.05636
-109.951367,50,118.119889
-106.681957,50,118.175993
-105.362604,50,118.233966
-107.355528,50,118.288158
-111.472937,50,118.345993
-112.681288,50,118.397826
-108.619547,50,118.456813
-114.139629,50,118.512486
-115.615144,50,118.572549
-109.617441,50,118.627001
-111.487689,50,118.681779
-113.087297,50,118.743703
-109.872437,50,119.93754
-106.875367,50,120.000136
-104.817163,50,120.053668
-114.746494,50,120.10807
-113.987068,50,120.161215
-107.180566,50,120.21944
-104.562803,50,120.285559
-112.366684,50,120.358575
-114.24832,50,120.429647
-105.082798,50,120.487418
-106.551934,50,120.556201
-110.43429,50,120.620289
-117.082966,50,120.681122
-117.670886,50,120.735974
-104.494619,50,120.791529
-115.373768,50,120.859761
-110.067493,50,120.918295
-117.088879,50,120.975098
-107.968608,50,121.038106
-116.605739,50,121.10882
-107.19097,50,121.163518
-112.271276,50,121.220964
-111.04724,50,121.289292
-116.144599,50,121.355363
-116.337331,50,121.415234
-114.553063,50,121.471272
-112.083423,50,121.533958
-106.197997,50,121.59757
-108.038887,50,121.655251
-112.752083,50,121.712606
-109.981143,50,121.764241
-112.244877,50,121.823857
-105.425253,50,121.887171
-111.850682,50,121.953725
-107.794566,50,122.006987
-114.245051,50,122.064661
-110.63113,50,122.124341
-118.491593,50,122.183233
-113.486028,50,122.249186
-106.50412,50,122.308263
-117.528186,50,122.373052
-104.720055,50,123.522957
-105.766089,50,123.576654
-106.254577,50,123.635676
-108.89833,50,123.692338
-104.423863,50,123.745253
-107.320236,50,123.80535
-111.596018,50,123.86718
-107.354719,50,123.931756
-114.183983,50,123.989194
-111.88697,50,124.045864
-109.228607,50,124.100587
-105.931405,50,124.158906
-111.806483,50,124.224852
-111.929137,50,124.283971
-114.418394,50,124.338797
-109.066096,50,124.40243
-107.36433,50,124.469708
-112.123672,50,124.531137
-114.413158,50,124.59052
-106.964456,50,124.655769
-114.727877,50,124.71558
-105.351584,50,124.773736
-107.309648,50,124.829535
-112.37565,50,124.883658
-109.3041,50,124.938214
-111.434192,50,124.995391
-108.436357,50,125.060037
-108.364175,50,125.119199
-106.976815,50,125.189302
-109.038994,50,125.250737
-117.001053,50,125.3103
-115.890683,50,125.362165
-111.057923,50,125.416918
-116.237533,50,125.472116
-108.294821,50,125.525935
-104.623915,50,125.582339
-112.009037,50,125.638751
-112.925886,50,125.696754
-107.335921,50,125.749887
-113.973787,50,125.808888
-110.64911,50,125.87465
-109.786963,50,127.032871
-104.539172,50,127.085755
-109.896395,50,127.151675
-104.896901,50,127.209949
-112.178836,50,127.263012
-112.103078,50,127.315988
-107.679957,50,127.373609
-107.798111,50,127.433064
-106.871211,50,127.500544
-106.361984,50,127.566672
-109.56977,50,127.626572
-118.46034,50,127.686263
-107.934623,50,127.7402
-111.812712,50,127.794263
-115.953083,50,127.852069
-108.702519,50,127.905192
-114.056076,50,127.955308
-108.294843,50,128.007309
-109.018884,50,128.071138
-117.141641,50,128.141026
-114.245456,50,128.212761
-112.327902,50,128.282589
-109.754037,50,128.337054
-108.433321,50,128.402322
-117.715778,50,128.474441
-109.653092,50,128.54196
-109.254162,50,128.604332
-113.014272,50,128.676089
-105.074732,50,128.745423
-113.249541,50,128.807222
-105.893739,50,128.865213
-111.695801,50,128.938166
-106.967017,50,129.007221
-117.176225,50,129.075367
-104.839104,50,129.134699
-107.151317,50,129.197131
-109.110459,50,129.264816
-105.765723,50,129.323836
-104.788739,50,129.37637
-109.296879,50,129.435943
-114.83148,50,129.489692
-114.999518,50,130.67738
-105.032697,50,130.727133
-108.120987,50,130.793298
-106.352284,50,130.861755
-110.576403,50,130.934116
-104.538651,50,131.004632
-104.871441,50,131.06969
-110.265301,50,131.138889
-107.477128,50,131.208528
-106.373581,50,131.277819
-105.929683,50,131.339733
-108.968791,50,131.424417
-108.027919,50,131.497905
-104.936914,50,131.557281
-104.502838,50,131.633571
-114.271844,50,131.706342
-113.806825,50,131.775843
-118.430686,50,131.842143
-115.669755,50,131.895134
-110.812275,50,131.959907
-106.236796,50,132.020056
-113.364647,50,132.101236
-105.235796,50,132.168496
-112.009401,50,132.236799
-113.439166,50,132.292816
-109.125433,50,132.346321
-111.976995,50,132.405428
-105.201246,50,132.465364
-105.148874,50,132.530135
-117.044948,50,132.612644
-112.173876,50,132.675434
-115.222889,50,132.73119
-108.999311,50,132.783611
-118.536639,50,132.84541
-116.262545,50,132.901068
-108.979721,50,132.965146
-111.973616,50,133.017245
-105.097241,50,133.069088
-116.84083,50,133.141086
-111.696951,50,133.211872
-117.031842,50,133.27709
-118.594402,50,134.490499
-114.572619,50,134.560072
-110.48812,50,134.617639
-117.543033,50,134.677672
-108.555203,50,134.73763
-116.438496,50,134.793532
-109.573499,50,134.852504
-107.660499,50,134.918326
-105.201889,50,134.982201
-116.715184,50,135.052251
-107.518074,50,135.117054
-113.978675,50,135.187059
-113.567939,50,135.241796
-107.710646,50,135.293631
-106.412402,50,135.345785
-115.516612,50,135.410016
-115.025861,50,135.469747
-111.090818,50,135.52292
-110.05239,50,135.577448
-108.389019,50,135.62991
-105.694553,50,135.702916
-116.801703,50,135.785056
-115.606481,50,135.853826
-118.199296,50,135.90426
-108.977076,50,135.961284
-116.055531,50,136.021484
-116.721849,50,136.091545
-115.146923,50,136.140812
-108.412536,50,136.204569
-114.493978,50,136.275275
-112.652777,50,136.348744
-116.369458,50,136.42001
-116.889091,50,136.477805
-111.642344,50,136.540946
-111.994275,50,136.616259
-118.172625,50,136.678041
-114.692109,50,136.747791
-110.788662,50,136.822816
-114.158433,50,136.879405
-113.001966,50,136.941659
-104.641873,50,136.995449
-117.640277,50,138.28362
-108.28468,50,138.357321
-109.008334,50,138.41459
-109.746102,50,138.47393
-109.09156,50,138.529567
-107.984693,50,138.588668
-109.917511,50,138.656283
-116.433432,50,138.722729
-109.761015,50,138.794569
-109.156641,50,138.855061
-105.964151,50,138.926284
-118.334088,50,138.998539
-106.144984,50,139.069837
-113.134664,50,139.141241
-107.498503,50,139.214134
-111.932808,50,139.285316
-115.775869,50,139.356529
-117.972035,50,139.420949
-113.450284,50,139.484524
-106.9282,50,139.545115
-109.021006,50,139.619555
-108.588107,50,139.687726
-109.859128,50,139.746346
-110.263604,50,139.81045
-108.121005,50,139.884144
-111.644873,50,139.955743
-111.89642,50,140.013687
-111.554171,50,140.073234
-104.495272,50,140.132564
-106.344007,50,140.191269
-117.725745,50,140.262744
-105.147149,50,140.333271
-113.923097,50,140.392019
-110.259605,50,140.450442
-116.97611,50,140.524555
-118.427399,50,140.590798
-104.508677,50,140.657681
-114.50187,50,140.712661
-104.713042,50,140.771976
-109.771975,50,140.825755
-105.046643,50,140.884983
-112.63158,50,142.027773
-116.141823,50,142.084203
-106.608729,50,142.140188
-115.024153,50,142.195954
-116.799696,50,142.260134
-117.136382,50,142.32332
-108.116351,50,142.390467
-114.52957,50,142.448835
-105.453238,50,142.514469
-110.260234,50,142.570895
-109.049498,50,142.626698
-115.997262,50,142.680707
-114.736089,50,142.733654
-111.022692,50,142.785756
-108.862579,50,142.848914
-108.330016,50,142.911259
-107.94327,50,142.973844
-110.364035,50,143.046533
-109.494054,50,143.106294
-113.183469,50,143.164933
-109.694625,50,143.220371
-115.51845,50,143.274389
-105.164831,50,143.333367
-114.607117,50,143.394022
-108.143208,50,143.450027
-109.552398,50,143.505259
-116.00205,50,143.559255
-113.305939,50,143.614417
-112.531242,50,143.678512
-109.910676,50,143.736387
-104.792449,50,143.799645
-114.168276,50,143.854406
-105.306172,50,143.90851
-112.125329,50,143.963694
-109.893203,50,144.021532
-104.431842,50,144.076316
-118.305758,50,144.139262
-111.704311,50,144.198427
-115.852779,50,144.25492
-114.375145,50,144.305877
-117.469352,50,144.363116
-113.04488,50,145.519641
-118.701696,50,145.581524
-109.166328,50,145.631968
-115.29649,50,145.691428
-110.031307,50,145.748767
-109.751108,50,145.815283
-107.803331,50,145.882893
-114.083393,50,145.946777
-111.401535,50,146.019342
-106.913452,50,146.082322
-107.984838,50,146.140286
-113.675407,50,146.209435
-106.989137,50,146.271366
-116.327277,50,146.336595
-117.410598,50,146.393245
-104.436435,50,146.448669
-110.496421,50,146.505775
-113.228802,50,146.558159
-112.447668,50,146.624965
-115.40889,50,146.680639
-116.17723,50,146.743863
-106.294261,50,146.806433
-105.157305,50,146.875424
-106.339639,50,146.932873
-108.524773,50,146.989309
-108.703267,50,147.047743
-110.060294,50,147.101647
-107.691146,50,147.158384
-114.512627,50,147.20986
-112.405907,50,147.259248
-106.814492,50,147.312493
-113.444247,50,147.365091
-111.561285,50,147.430134
-107.575892,50,147.490897
-110.537833,50,147.544306
-111.450542,50,147.609169
-115.753181,50,147.676254
-108.997413,50,147.734302
-111.567205,50,147.800107
-114.400293,50,147.872826
-109.607291,50,147.938697
-106.846289,50,149.148146
-105.691973,50,149.202774
-105.078307,50,149.259326
-112.513704,50,149.324854
-114.194105,50,149.385027
-105.805603,50,149.443915
-105.329973,50,149.517382
-105.791102,50,149.584101
-110.279202,50,149.637812
-109.790147,50,149.705722
-108.195239,50,149.779909
-108.801521,50,149.846808
-113.814255,50,149.916377
-118.467746,50,149.981894
-116.783329,50,150.051025
-112.552241,50,150.109558
-116.271681,50,150.180937
-110.909448,50,150.250185
-107.428103,50,150.320054
-110.783115,50,150.390016
-111.122552,50,150.458971
-106.252029,50,150.523545
-114.715024,50,150.584407
-104.491774,50,150.65757
-117.011211,50,150.727155
-105.625915,50,150.796476
-113.160188,50,150.860785
-117.920142,50,150.925483
-115.928827,50,150.997931
-107.985433,50,151.064186
-108.155022,50,151.133991
-116.346132,50,151.203958
-112.428964,50,151.27009
-110.973821,50,151.339561
-113.340794,50,151.404107
-114.923794,50,151.475489
-112.091531,50,151.533931
-113.75382,50,151.593191
-109.763309,50,151.656063
-115.579974,50,151.723707
-107.008218,50,151.790061
-117.859863,50,153.129259
-107.145247,50,153.182343
-115.149637,50,153.24928
-114.66831,50,153.323258
-112.507368,50,153.389547
-109.478506,50,153.443644
-116.307392,50,153.507769
-109.857167,50,153.567153
-115.968823,50,153.639463
-114.11042,50,153.702351
-116.100668,50,153.771489
-104.521116,50,153.836988
-105.797233,50,153.90644
-114.595316,50,153.977225
-109.557574,50,154.044643
-115.753756,50,154.107432
-104.577695,50,154.163696
-117.965124,50,154.230036
-104.727407,50,154.298174
-111.620067,50,154.356143
-113.166696,50,154.423602
-114.557154,50,154.492377
-112.946505,50,154.558031
-105.46438,50,154.619286
-108.1989,50,154.680985
-116.624686,50,154.738947
-115.771962,50,154.797614
-117.045557,50,154.850391
-104.414324,50,154.904105
-105.483564,50,154.968292
-104.503575,50,155.025038
-115.485332,50,155.079554
-112.907044,50,155.134374
-108.073425,50,155.193286
-112.347784,50,155.262746
-107.632451,50,155.329576
-108.622576,50,155.400272
-110.789379,50,155.465191
-116.244058,50,155.520176
-112.58682,50,155.591794
-110.853675,50,155.666454
-108.427665,50,156.92
-117.664504,50,156.98223
-114.395524,50,157.036685
-104.58888,50,157.103841
-114.50317,50,157.17762
-107.353994,50,157.246897
-108.399927,50,157.318797
-110.521359,50,157.381662
-104.586976,50,157.44775
-115.463358,50,157.518002
-110.454172,50,157.589504
-108.175871,50,157.652668
-110.80581,50,157.708683
-109.40375,50,157.780812
-110.09691,50,157.851169
-113.338675,50,157.91984
-109.522866,50,157.989249
-113.974722,50,158.058635
-108.68269,50,158.128277
-108.104019,50,158.197778
-109.46323,50,158.267067
-107.248491,50,158.336699
-109.877272,50,158.40518
-114.722398,50,158.474473
-111.298737,50,158.54349
-107.47644,50,158.609675
-117.593562,50,158.677006
-106.205069,50,158.731051
-112.81597,50,158.79343
-110.854073,50,158.871084
-114.779009,50,158.93852
-113.163529,50,159.005633
-113.35421,50,159.065832
-112.401026,50,159.1374
-111.351143,50,159.192577
-114.398493,50,159.25174
-110.516777,50,159.305084
-116.398002,50,159.368184
-109.674348,50,159.424787
-105.354838,50,159.477046
-109.295723,50,159.537492
-114.939883,50,160.738396
-105.209246,50,160.808039
-115.634006,50,160.87429
-104.63481,50,160.941425
-114.568666,50,161.000468
-115.163011,50,161.070247
-104.461671,50,161.128947
-112.719239,50,161.188182
-117.344594,50,161.259982
-118.348129,50,161.332822
-110.523312,50,161.404022
-116.592558,50,161.476163
-117.43381,50,161.532155
-112.235985,50,161.594166
-112.651019,50,161.658141
-113.0906,50,161.717849
-117.756464,50,161.77214
-107.348949,50,161.837744
-105.611207,50,161.911051
-116.391037,50,161.968055
-109.562011,50,162.032638
-115.912372,50,162.093261
-113.661706,50,162.157371
-107.623815,50,162.229628
-115.742286,50,162.291969
-111.202033,50,162.366533
-104.849279,50,162.418999
-113.043919,50,162.48396
-117.861965,50,162.555385
-104.573703,50,162.62683
-116.516137,50,162.69733
-105.795801,50,162.755918
-106.421141,50,162.824156
-114.043505,50,162.891949
-107.627766,50,162.960376
-107.212749,50,163.030772
-110.470471,50,163.100918
-113.614501,50,163.157151
-109.29577,50,163.214302
-115.911519,50,163.267534
-105.712459,50,163.319393
-117.029478,50,164.463339
-106.983749,50,164.533144
-105.95334,50,164.599377
-116.070478,50,164.666098
-109.552418,50,164.730469
-114.033676,50,164.790648
-107.256647,50,164.847625
-105.611842,50,164.907391
-110.586524,50,164.976646
-110.728321,50,165.034011
-111.375497,50,165.092065
-117.738837,50,165.161687
-114.537621,50,165.221052
-116.638132,50,165.278874
-113.66227,50,165.349442
-108.007514,50,165.410695
-108.232938,50,165.465845
-116.122444,50,165.519832
-118.153566,50,165.579218
-113.423707,50,165.651405
-109.888208,50,165.721682
-113.846781,50,165.78236
-113.201952,50,165.85224
-105.05344,50,165.910725
-112.836943,50,165.966273
-108.751398,50,166.023051
-115.157801,50,166.093151
-114.216663,50,166.158332
-107.020657,50,166.221421
-109.202213,50,166.282943
-110.753272,50,166.348053
-106.260061,50,166.403034
-111.65782,50,166.457053
-114.254804,50,166.509257
-104.403543,50,166.561397
-115.916142,50,166.611568
-116.190538,50,166.662142
-104.618216,50,166.715152
-111.489443,50,166.76879
-113.284434,50,166.82489
-118.395571,50,166.893398
-108.089548,50,168.059633
-109.581831,50,168.112262
-114.477225,50,168.169489
-104.747825,50,168.221089
-114.941354,50,168.285725
-114.957908,50,168.343231
-114.979189,50,168.395738
-116.099328,50,168.450249
-116.691605,50,168.501439
-106.603855,50,168.553569
-111.551447,50,168.607686
-108.427225,50,168.674557
-114.027538,50,168.743578
-112.560005,50,168.810747
-110.087465,50,168.870858
-110.951886,50,168.928148
-105.612845,50,168.981776
-108.835344,50,169.043644
-115.137352,50,169.114556
-113.442465,50,169.170368
-110.3584,50,169.237422
-108.855788,50,169.296626
-110.033986,50,169.367879
-115.517073,50,169.418762
-106.443984,50,169.480718
-108.518422,50,169.554172
-108.890419,50,169.612102
-108.330336,50,169.677652
-109.794027,50,169.747464
-112.176955,50,169.802817
-106.293666,50,169.861399
-111.582673,50,169.913876
-115.359943,50,169.97658
-106.983453,50,170.039099
-107.888699,50,170.090385
-108.053006,50,170.1555
-110.870383,50,170.230533
-112.043708,50,170.294513
-113.747077,50,170.362503
-105.07546,50,170.421812
-107.967773,50,170.479864
-116.035702,50,171.68986
-115.522032,50,171.756258
-117.265905,50,171.815053
-107.293145,50,171.868458
-109.406715,50,171.940903
-107.563551,50,172.014555
-114.239997,50,172.075233
-112.145012,50,172.145387
-107.166423,50,172.215045
-105.611926,50,172.285972
-107.310733,50,172.352287
-104.888074,50,172.409933
-108.572347,50,172.464925
-112.843845,50,172.530426
-108.940438,50,172.599241
-115.092713,50,172.667296
-117.992308,50,172.722313
-117.62756,50,172.785224
-111.098348,50,172.844445
-111.472695,50,172.915852
-111.222258,50,172.98863
-117.893976,50,173.047145
-112.599827,50,173.120046
-105.398754,50,173.17233
-113.487106,50,173.245168
-116.585246,50,173.304751
-105.850382,50,173.372179
-107.440907,50,173.441819
-112.203171,50,173.496296
-107.335003,50,173.558194
-110.395824,50,173.627028
-109.320265,50,173.693048
-117.771643,50,173.758489
-112.269692,50,173.83598
-104.951706,50,173.899387
-115.472479,50,173.970361
-113.062067,50,174.025462
-116.679535,50,174.084033
-109.583476,50,174.157318
-114.456679,50,174.228117
-113.406546,50,174.298444
-112.928835,50,175.540006
-105.667854,50,175.607372
-108.20021,50,175.663064
-106.245504,50,175.71648
-110.391827,50,175.790361
-110.378809,50,175.862185
-112.743104,50,175.928169
-115.128869,50,175.990233
-111.900131,50,176.044518
-111.745018,50,176.098153
-116.436408,50,176.166935
-108.896943,50,176.224702
-106.919078,50,176.276019
-107.075386,50,176.345884
-111.963881,50,176.422164
-107.217877,50,176.490736
-110.825082,50,176.560738
-113.957109,50,176.61414
-118.35195,50,176.679356
-117.739499,50,176.749552
-113.317752,50,176.823198
-111.300807,50,176.889025
-110.809467,50,176.960191
-110.388837,50,177.029826
-113.159916,50,177.101238
-114.767869,50,177.155162
-115.640896,50,177.218169
-114.625129,50,177.283944
-105.535789,50,177.335914
-115.079631,50,177.398108
-112.507062,50,177.457166
-105.549232,50,177.523676
-116.119745,50,177.588906
-114.794813,50,177.656749
-104.77482,50,177.711776
-112.174906,50,177.772004
-114.468378,50,177.825303
-115.371334,50,177.877638
-109.580348,50,177.930951
-105.459718,50,177.981551
-112.582257,50,178.031964
-113.352415,50,179.180187
-105.625765,50,179.231633
-117.348576,50,179.286782
-116.58296,50,179.350868
-104.64868,50,179.407345
-110.21357,50,179.464519
-107.866621,50,179.522815
-110.8109,50,179.58077
-115.444893,50,179.640397
-109.431866,50,179.709735
-110.896528,50,179.770473
-108.145804,50,179.833694
-111.827255,50,179.886369
-106.792634,50,179.947637
-115.350152,50,180.020261
-113.230337,50,180.09218
-109.604831,50,180.162553
-107.783594,50,180.229729
-116.435657,50,180.301388
-104.931748,50,180.372285
-112.425793,50,180.443799
-115.564693,50,180.504477
-105.151965,50,180.562235
-116.528331,50,180.625701
-111.887747,50,180.692078
-108.098586,50,180.744619
-116.179032,50,180.80714
-118.565044,50,180.880115
-113.99181,50,180.937981
-106.649386,50,180.992857
-109.851883,50,181.04764
-114.949508,50,181.110061
-108.222902,50,181.176741
-108.031605,50,181.234386
-115.560842,50,181.288277
-113.231108,50,181.339025
-112.923942,50,181.393005
-114.738874,50,181.445137
-108.081492,50,181.502556
-112.867201,50,181.56515
-107.867126,50,181.623783
-112.084701,50,182.789275
-108.761018,50,182.843777
-110.921171,50,182.90213
-106.511605,50,182.954079
-106.570806,50,183.014915
-109.734531,50,183.077103
-104.530156,50,183.131933
-105.773952,50,183.183136
-107.355111,50,183.235929
-116.178472,50,183.287998
-105.238598,50,183.352352
-116.349708,50,183.41979
-108.927308,50,183.480582
-113.918907,50,183.539307
-113.618466,50,183.608417
-117.071225,50,183.681217
-108.525151,50,183.738247
-111.949331,50,183.809699
-104.461565,50,183.87198
-105.506433,50,183.92536
-117.994965,50,183.982829
-111.683522,50,184.047365
-104.904278,50,184.10755
-114.940136,50,184.167135
-106.866698,50,184.227079
-106.662962,50,184.289312
-106.628091,50,184.352231
-108.005796,50,184.415778
-112.743472,50,184.466835
-107.420084,50,184.529793
-109.5456,50,184.585068
-106.592963,50,184.647325
-114.162136,50,184.707541
-108.647288,50,184.763078
-113.520357,50,184.81912
-110.001618,50,184.879296
-116.549435,50,184.938751
-110.584893,50,185.000081
-105.065027,50,185.062984
-104.989737,50,185.126797
-113.128322,50,185.189347
-113.216452,50,186.377374
-114.959635,50,186.430206
-118.70034,50,186.480759
-107.116756,50,186.541969
-116.938528,50,186.602944
-111.266317,50,186.662782
-114.700132,50,186.725236
-113.134012,50,186.778974
-113.758477,50,186.832123
-112.8495,50,186.893947
-109.242458,50,186.95927
-104.952546,50,187.013118
-113.3195,50,187.063499
-108.579103,50,187.122237
-111.923961,50,187.180052
-108.106331,50,187.239098
-111.081917,50,187.304384
-114.85664,50,187.364747
-106.840005,50,187.416848
-111.678825,50,187.473875
-113.50568,50,187.544783
-104.823904,50,187.601995
-105.770534,50,187.666034
-112.965686,50,187.730022
-114.611506,50,187.787336
-105.116575,50,187.843807
-115.768869,50,187.910744
-105.234088,50,187.977459
-113.023802,50,188.03818
-117.537896,50,188.098162
-104.651682,50,188.155234
-111.514829,50,188.220206
-115.806674,50,188.275525
-108.964183,50,188.341005
-107.376451,50,188.40621
-113.947816,50,188.462014
-109.426759,50,188.52905
-116.546957,50,188.590583
-108.635976,50,188.664734
-109.546025,50,188.727595
-112.387377,50,190.017958
-116.430581,50,190.082957
-104.362106,50,190.147108
-115.047508,50,190.206281
-112.893163,50,190.277358
-105.097678,50,190.345986
-113.111317,50,190.415969
-109.580886,50,190.474822
-107.372901,50,190.549972
-111.996998,50,190.619468
-117.481567,50,190.673897
-112.064509,50,190.746305
-108.953598,50,190.816346
-116.647024,50,190.880743
-106.956091,50,190.950139
-106.539411,50,191.018786
-112.891487,50,191.084166
-115.541748,50,191.14268
-116.584588,50,191.215966
-117.581167,50,191.270302
-110.963009,50,191.333658
-111.342639,50,191.404993
-108.720177,50,191.47613
-118.036969,50,191.54115
-105.888537,50,191.598869
-107.168338,50,191.671261
-113.352696,50,191.731871
-106.817246,50,191.797702
-108.85477,50,191.859156
-110.043532,50,191.93013
-104.781293,50,192.000558
-108.528891,50,192.07211
-111.467929,50,192.139848
-105.246644,50,192.200403
-104.731707,50,192.269514
-115.079556,50,192.328044
-113.55512,50,192.390906
-110.869159,50,192.462427
-107.003532,50,192.523609
-114.564643,50,192.57764
-115.756221,50,192.645919
-111.286371,50,193.862794
-115.394647,50,193.929261
-114.377977,50,193.98588
-117.258188,50,194.045574
-110.148005,50,194.097721
-107.300116,50,194.162115
-105.019146,50,194.230794
-113.999096,50,194.288009
-117.743702,50,194.359467
-114.803262,50,194.431395
-106.969437,50,194.501075
-105.069769,50,194.558332
-107.300592,50,194.629887
-115.399627,50,194.699861
-111.063423,50,194.763941
-115.14834,50,194.824646
-107.179454,50,194.892364
-117.589897,50,194.946034
-114.497157,50,195.014469
-115.871236,50,195.074977
-108.407425,50,195.148887
-113.018437,50,195.213756
-104.458097,50,195.279474
-104.43707,50,195.340506
-112.087541,50,195.398302
-108.125978,50,195.454629
-114.773761,50,195.509673
-114.960434,50,195.563786
-107.965702,50,195.61531
-109.090659,50,195.670775
-104.751699,50,195.741106
-116.060906,50,195.808813
-111.372525,50,195.871731
-112.024818,50,195.933169
-108.438283,50,195.991585
-116.488258,50,196.054369
-109.561953,50,196.114795
-114.671413,50,196.169543
-112.522507,50,196.229857
-113.249211,50,196.289482
-105.108246,50,196.347619
-107.753097,50,197.606968
-106.953973,50,197.673136
-105.488925,50,197.726027
-105.855141,50,197.791236
-110.372134,50,197.848205
-113.227124,50,197.901614
-105.23245,50,197.987107
-105.025206,50,198.057405
-105.607081,50,198.120769
-117.575951,50,198.176522
-106.152352,50,198.240172
-107.292858,50,198.304456
-115.484236,50,198.358696
-117.512604,50,198.425669
-115.92211,50,198.506068
-115.039989,50,198.576137
-115.550277,50,198.647492
-113.651595,50,198.707688
-111.324452,50,198.762088
-107.095237,50,198.834999
-107.44231,50,198.905243
-112.63246,50,198.967831
-113.824981,50,199.049319
-114.123203,50,199.124017
-115.986091,50,199.19044
-108.4211,50,199.261774
-113.922263,50,199.329092
-114.919795,50,199.398977
-104.416434,50,199.465205
-116.745518,50,199.522183
-108.878463,50,199.58766
-114.321125,50,199.643618
-106.137549,50,199.733671
-108.241825,50,199.80634
-105.037666,50,199.863411
-109.37988,50,199.91883
-110.3683,50,199.980194
-111.425889,50,200.047307
-117.961577,50,200.104731
-110.07831,50,200.157422
-112.826809,50,200.212883
-108.07574,50,201.427291
-113.226816,50,201.480508
-115.570235,50,201.538422
-112.486974,50,201.591495
-110.522725,50,201.648178
-113.545499,50,201.700305
-109.892395,50,201.754094
-107.375955,50,201.807245
-109.970777,50,201.861144
-115.142091,50,201.911268
-106.382915,50,201.970635
-115.544272,50,202.038598
-105.555043,50,202.09767
-104.715669,50,202.15275
-113.791459,50,202.213434
-116.954441,50,202.267031
-106.362813,50,202.332816
-118.255135,50,202.391517
-107.798592,50,202.444073
-104.588341,50,202.512022
-106.75549,50,202.581071
-110.624987,50,202.643955
-113.49025,50,202.702607
-105.905264,50,202.77174
-106.431325,50,202.844057
-111.582736,50,202.900141
-114.229708,50,202.96048
-110.813484,50,203.015134
-108.6907,50,203.070917
-115.090313,50,203.123482
-113.045417,50,203.173228
-112.044924,50,203.22363
-112.745543,50,203.273271
-105.67781,50,203.32816
-115.657478,50,203.383388
-105.883563,50,203.435707
-118.006367,50,203.496559
-105.030262,50,203.569385
-115.037289,50,203.627167
-113.571202,50,203.686542
-107.757637,50,203.753272
-107.211792,50,204.811764
-109.860578,50,204.859626
-107.174154,50,204.910627
-118.516421,50,204.964289
-115.97857,50,205.017579
-110.309519,50,205.079709
-118.460206,50,205.136695
-114.493323,50,205.197945
-112.872693,50,205.26043
-106.237135,50,205.320649
-113.208576,50,205.380286
-107.60713,50,205.434631
-115.890086,50,205.496854
-114.47815,50,205.55668
-107.995311,50,205.608258
-112.881357,50,205.662201
-106.203414,50,205.718898
-114.301219,50,205.782469
-105.720971,50,205.832617
-105.496781,50,205.891226
-104.627908,50,205.942868
-111.975647,50,205.998797
-110.369262,50,206.050759
-113.810433,50,206.100154
-105.633023,50,206.155152
-110.929076,50,206.218778
-112.663943,50,206.276866
-112.566354,50,206.336017
-113.696858,50,206.386927
-111.252292,50,206.446503
-104.637538,50,206.507832
-106.724352,50,206.558111
-110.387723,50,206.60744
-107.906693,50,206.659087
-110.881254,50,206.708621
-114.057263,50,206.759934
-112.606186,50,206.815174
-109.843144,50,206.868421
-116.374035,50,206.918355
-112.806541,50,206.968429
-112.549297,50,207.028156
-105.060656,50,208.161418
-114.95553,50,208.217304
-107.752243,50,208.268042
-113.143695,50,208.323376
-107.25473,50,208.388558
-116.251139,50,208.455793
-110.765318,50,208.516579
-107.183416,50,208.576786
-105.742589,50,208.640971
-104.674489,50,208.701445
-109.575103,50,208.754107
-105.165116,50,208.81786
-109.575781,50,208.872215
-106.293592,50,208.923386
-111.099005,50,208.991661
-109.087011,50,209.043751
-104.555826,50,209.097535
-107.332107,50,209.1628
-111.028189,50,209.220536
-116.066363,50,209.273635
-110.762494,50,209.32463
-109.649598,50,209.383321
-106.709761,50,209.448603
-117.958093,50,209.509742
-113.366396,50,209.561978
-112.200431,50,209.627493
-116.129039,50,209.688696
-115.201618,50,209.748561
-115.925452,50,209.804172
-104.544927,50,209.862911
-108.581351,50,209.913994
-105.310696,50,209.977477
-117.115959,50,210.034072
-106.24654,50,210.086852
-109.088106,50,210.144806
-109.471059,50,210.204898
-109.333812,50,210.263545
-108.668502,50,210.311984
-110.024691,50,210.372308
-107.48499,50,210.435145
-113.327204,50,210.499257
-104.769778,50,211.626479
-108.690455,50,211.692036
-106.426499,50,211.751764
-107.385471,50,211.803789
-117.380121,50,211.866358
-106.869328,50,211.931858
-113.260933,50,211.986812
-113.472854,50,212.044793
-107.215797,50,212.099414
-104.431563,50,212.166201
-110.069575,50,212.231054
-109.277848,50,212.289993
-113.195679,50,212.350215
-110.124381,50,212.405951
-111.905064,50,212.468679
-113.000626,50,212.524376
-105.359707,50,212.584236
-109.217555,50,212.653105
-109.13171,50,212.717657
-114.704898,50,212.780875
-109.777712,50,212.831094
-114.017281,50,212.895923
-114.340768,50,212.957309
-111.039736,50,213.008217
-112.751178,50,213.063896
-112.928824,50,213.124036
-116.676767,50,213.187303
-105.061754,50,213.234884
-115.035595,50,213.28981
-114.876698,50,213.338578
-104.496932,50,213.394347
-110.940889,50,213.454436
-118.070853,50,213.520231
-118.014867,50,213.575543
-104.629818,50,213.628639
-113.320566,50,213.68607
-115.131015,50,213.750295
-116.653134,50,213.807766
-111.811544,50,213.855344
-116.369215,50,213.909018
-112.807765,50,213.977837
-116.276338,50,215.174323
-108.096322,50,215.235344
-107.838048,50,215.298834
-111.410644,50,215.354663
-111.639386,50,215.417112
-104.636227,50,215.481393
-116.24862,50,215.53884
-112.176018,50,215.596566
-106.863157,50,215.650965
-106.32385,50,215.707268
-113.117661,50,215.760299
-110.592103,50,215.808755
-113.085726,50,215.858818
-109.807172,50,215.918998
-113.766702,50,215.976886
-110.430121,50,216.032965
-111.393494,50,216.08954
-107.128565,50,216.142983
-107.753979,50,216.202906
-118.549704,50,216.2664
-113.945238,50,216.325799
-113.456603,50,216.384325
-118.047298,50,216.440104
-108.610378,50,216.505016
-115.585073,50,216.565494
-108.72885,50,216.624192
-107.651626,50,216.682498
-118.604386,50,216.729927
-105.009952,50,216.788604
-114.723541,50,216.852285
-117.131917,50,216.902924
-116.447224,50,216.956354
-113.166994,50,217.020103
-110.754677,50,217.07943
-109.543224,50,217.138004
-110.487395,50,217.195753
-110.095161,50,217.250813
-116.930684,50,217.312931
-113.786817,50,217.370118
-115.699895,50,217.422508
-109.72329,50,217.484978
-104.463794,50,218.70793
-109.615454,50,218.769008
-111.909238,50,218.829153
-107.567539,50,218.886097
-116.104005,50,218.951781
-117.357354,50,219.009064
-107.828325,50,219.064936
-106.576772,50,219.119077
-117.221585,50,219.18761
-108.449709,50,219.251318
-117.177106,50,219.312788
-109.703858,50,219.363161
-115.558184,50,219.426013
-115.266718,50,219.488735
-106.489441,50,219.548108
-117.881112,50,219.604801
-107.587555,50,219.653289
-112.168728,50,219.711449
-106.50754,50,219.773331
-105.250377,50,219.83244
-112.975139,50,219.900563
-113.818994,50,219.954435
-105.716793,50,220.004769
-113.380384,50,220.057701
-112.69754,50,220.117253
-104.752207,50,220.180389
-109.358689,50,220.239123
-106.622468,50,220.298419
-118.183519,50,220.359048
-112.885332,50,220.411543
-111.393178,50,220.469649
-107.697171,50,220.530164
-116.811564,50,220.598371
-112.391064,50,220.661825
-115.066781,50,220.720438
-114.075716,50,220.781287
-111.167068,50,220.845372
-110.125179,50,220.903178
-106.885147,50,220.969058
-115.854258,50,221.032812
-111.483058,50,221.091689
-113.780611,50,222.244445
-112.472355,50,222.299078
-105.167415,50,222.363254
-114.626385,50,222.420589
-107.229962,50,222.471513
-113.343872,50,222.529464
-118.163026,50,222.583505
-111.710366,50,222.641044
-107.21246,50,222.703386
-112.571246,50,222.763812
-118.339498,50,222.821463
-115.154826,50,222.881812
-110.431231,50,222.946159
-110.994517,50,223.005474
-112.275395,50,223.06042
-106.481207,50,223.122045
-110.948045,50,223.179991
-110.674308,50,223.241993
-114.458786,50,223.307282
-114.966371,50,223.365482
-116.102366,50,223.424575
-111.17291,50,223.478171
-111.311139,50,223.541399
-112.754393,50,223.606266
-116.320896,50,223.667524
-113.225938,50,223.730346
-109.356794,50,223.793178
-107.453036,50,223.847194
-108.876711,50,223.910324
-107.800447,50,223.974671
-104.418886,50,224.034314
-106.165532,50,224.094305
-118.672685,50,224.155061
-105.740248,50,224.221834
-115.23067,50,224.28436
-112.749126,50,224.342855
-111.226858,50,224.407484
-107.601219,50,224.468451
-114.410341,50,224.527056
-109.572372,50,224.585869
-111.245259,50,224.643645
-117.374263,50,225.802486
-114.786286,50,225.862149
-110.4677,50,225.917049
-110.480356,50,225.979892
-108.347708,50,226.04374
-104.666277,50,226.107239
-118.498124,50,226.164255
-111.092239,50,226.220795
-117.783898,50,226.27455
-106.927005,50,226.32771
-108.019954,50,226.383934
-117.954516,50,226.442503
-105.071043,50,226.501507
-111.921514,50,226.557617
-110.163398,50,226.62221
-105.300532,50,226.679532
-113.830524,50,226.734193
-116.530661,50,226.792088
-109.540553,50,226.851974
-105.750293,50,226.913686
-115.928104,50,226.963789
-106.028226,50,227.018957
-117.253943,50,227.068953
-107.013472,50,227.120858
-114.604696,50,227.170257
-104.916988,50,227.218665
-109.203212,50,227.26948
-106.913414,50,227.318024
-110.707561,50,227.37058
-105.963635,50,227.420493
-116.846911,50,227.471455
-106.412201,50,227.521137
-113.532247,50,227.577615
-108.765575,50,227.63337
-111.637668,50,227.685051
-113.579078,50,227.74429
-109.252031,50,227.807221
-109.81406,50,227.858454
-113.519067,50,227.910026
-113.512934,50,227.966023
-114.524013,50,228.02103
-111.997551,50,229.079686
-105.48338,50,229.136829
-114.477215,50,229.187853
-110.909385,50,229.239481
-106.245563,50,229.291058
-116.72988,50,229.34574
-112.819238,50,229.408066
-112.82461,50,229.463106
-111.232988,50,229.517922
-106.752718,50,229.574307
-112.413239,50,229.626534
-116.20136,50,229.677301
-116.129075,50,229.74638
-115.418133,50,229.795927
-108.041497,50,229.857171
-111.067024,50,229.912257
-108.734183,50,229.967148
-113.130247,50,230.018709
-112.054529,50,230.077746
-114.158938,50,230.142307
-109.929401,50,230.195366
-117.59775,50,230.254354
-106.326907,50,230.321207
-116.891501,50,230.371697
-113.928697,50,230.429691
-110.191503,50,230.482162
-117.106101,50,230.53495
-106.518364,50,230.582383
-106.535917,50,230.631212
-104.469833,50,230.679528
-106.589412,50,230.732881
-112.127352,50,230.791921
-117.265231,50,230.850556
-110.619185,50,230.900439
-111.221181,50,230.959928
-115.781657,50,231.011475
-105.916689,50,231.068674
-105.426278,50,231.124414
-111.264756,50,231.185793
-114.759068,50,231.242879
-115.564893,50,231.298293
-116.619999,50,232.412558
-105.883541,50,232.467154
-115.472283,50,232.517933
-115.824382,50,232.574586
-117.395272,50,232.624542
-107.084492,50,232.684639
-115.569623,50,232.741395
-113.396095,50,232.796582
-115.025427,50,232.855145
-108.408204,50,232.913309
-105.030209,50,232.96265
-110.573797,50,233.011743
-104.931501,50,233.070004
-118.465434,50,233.136536
-110.130595,50,233.189699
-110.126607,50,233.245097
-105.040519,50,233.308573
-116.292927,50,233.362981
-108.258116,50,233.418277
-108.575953,50,233.472678
-115.560783,50,233.525622
-110.859592,50,233.57515
-108.212318,50,233.625135
-109.75248,50,233.675709
-110.146169,50,233.72781
-108.898979,50,233.779466
-108.777029,50,233.837323
-109.758009,50,233.897883
-112.767566,50,233.957208
-112.644028,50,234.006831
-112.019167,50,234.068038
-113.427448,50,234.123858
-105.083353,50,234.170528
-111.466062,50,234.222903
-106.260557,50,234.274994
-110.840253,50,234.334678
-116.011786,50,234.39815
-106.836149,50,234.461757
-104.606508,50,234.52765
-104.604766,50,234.582513
-116.650339,50,234.643932
-108.02569,50,235.837356
-113.153189,50,235.898669
-115.071885,50,235.965028
-116.19028,50,236.021894
-117.532721,50,236.083749
-118.259725,50,236.140008
-118.312378,50,236.191849
-116.669177,50,236.251122
-110.688249,50,236.309397
-111.324568,50,236.373089
-108.144643,50,236.426621
-105.769629,50,236.479794
-113.29897,50,236.53457
-109.607092,50,236.594489
-113.567156,50,236.65599
-104.501903,50,236.723824
-111.291747,50,236.783025
-110.528987,50,236.845947
-112.000287,50,236.901292
-110.991495,50,236.959056
-105.387873,50,237.012365
-110.5292,50,237.073316
-109.5643,50,237.13931
-109.18114,50,237.202642
-105.94356,50,237.263919
-104.620117,50,237.320948
-115.214687,50,237.379976
-106.347955,50,237.437393
-116.736118,50,237.493706
-115.988824,50,237.550861
-107.62648,50,237.615989
-109.544202,50,237.676288
-111.846469,50,237.735417
-117.471631,50,237.792256
-111.567052,50,237.847849
-106.679774,50,237.912616
-112.910015,50,237.976712
-111.023739,50,238.042068
-106.175357,50,238.09558
-109.492543,50,238.159267
-108.224184,50,238.227777
-116.328321,50,239.406644
-110.959472,50,239.462914
-107.024144,50,239.517811
-117.613299,50,239.570225
-104.971561,50,239.63418
-112.271685,50,239.688617
-104.595016,50,239.743773
-115.318657,50,239.802803
-113.462288,50,239.857821
-109.015142,50,239.917202
-113.045381,50,239.977723
-112.107202,50,240.041989
-115.52765,50,240.104135
-116.3145,50,240.159699
-113.031647,50,240.214678
-104.66906,50,240.274776
-114.666229,50,240.329563
-105.392035,50,240.391303
-111.541622,50,240.450577
-118.070726,50,240.507203
-110.900683,50,240.563075
-106.635966,50,240.615998
-109.964758,50,240.670151
-111.998629,50,240.727721
-104.852957,50,240.781687
-108.748247,50,240.838811
-112.998772,50,240.893443
-109.009431,50,240.945186
-106.880198,50,241.003192
-109.763231,50,241.061516
-110.308303,50,241.121768
-104.505129,50,241.182809
-108.32573,50,241.241011
-110.206363,50,241.295806
-113.968333,50,241.351449
-105.776623,50,241.407839
-110.608115,50,241.46526
-109.099351,50,241.528143
-117.180202,50,241.582408
-113.703937,50,241.642922
-114.897834,50,241.708217
-106.316043,50,242.93095
-104.439455,50,242.986846
-113.652398,50,243.041821
-107.56843,50,243.095286
-118.718421,50,243.148412
-105.627317,50,243.199053
-110.031923,50,243.256459
-110.676469,50,243.310612
-110.572019,50,243.361005
-115.183657,50,243.413678
-107.706926,50,243.463508
-115.85076,50,243.514871
-111.986861,50,243.57366
-105.74839,50,243.635208
-104.625307,50,243.691039
-104.459752,50,243.74403
-115.803831,50,243.797232
-113.558835,50,243.876363
-114.566745,50,243.942876
-109.813713,50,243.994961
-113.587889,50,244.049481
-118.551225,50,244.10161
-105.396713,50,244.161629
-105.705335,50,244.219831
-115.632845,50,244.27865
-113.315605,50,244.341283
-117.182552,50,244.397609
-105.918217,50,244.454852
-114.11783,50,244.512034
-109.07275,50,244.568195
-110.296775,50,244.633223
-115.648019,50,244.689126
-115.050145,50,244.747822
-106.831902,50,244.808951
-108.319962,50,244.863863
-105.467937,50,244.911834
-117.695074,50,244.966152
-112.120709,50,245.019161
-105.45963,50,245.072294
-105.576388,50,245.121883
-107.334143,50,245.17188
-110.370716,50,246.286012
-113.248077,50,246.340922
-110.842687,50,246.399538
-118.236209,50,246.463257
-106.124364,50,246.522593
-106.606934,50,246.587046
-109.492748,50,246.643374
-111.48096,50,246.706571
-107.82377,50,246.762599
-104.584892,50,246.830364
-116.136904,50,246.893462
-109.775558,50,246.943596
-115.867384,50,247.006662
-115.61303,50,247.064244
-112.53886,50,247.119863
-105.897501,50,247.172613
-104.870608,50,247.235152
-116.349793,50,247.299953
-107.209905,50,247.350953
-111.036409,50,247.409051
-106.933033,50,247.474496
-109.988113,50,247.5387
-112.731051,50,247.603557
-108.947493,50,247.667427
-113.652565,50,247.722344
-115.231906,50,247.779646
-108.947197,50,247.847697
-114.388773,50,247.913615
-104.862877,50,247.971931
-107.35937,50,248.02705
-113.13763,50,248.089828
-117.539193,50,248.149306
-108.568298,50,248.201058
-118.690654,50,248.254712
-110.883893,50,248.318476
-111.290692,50,248.384433
-106.777658,50,248.445184
-110.882888,50,248.495125
-107.052288,50,248.549835
-112.547059,50,248.602559
-111.650001,50,248.652047
-104.579104,50,249.708815
-107.294309,50,249.762364
-110.610931,50,249.812983
-117.478628,50,249.873368
-114.833918,50,249.930967
-108.878532,50,249.987135
-112.920888,50,250.044847
-115.991071,50,250.103047
-112.574952,50,250.159137
-106.661248,50,250.216137
-117.271569,50,250.278995
-118.218138,50,250.330897
-106.008585,50,250.384774
-111.880155,50,250.443309
-105.642696,50,250.504109
-105.652647,50,250.561185
-110.116887,50,250.613381
-112.319919,50,250.665715
-115.430411,50,250.723596
-113.732699,50,250.781708
-113.270574,50,250.836977
-109.393647,50,250.890978
-111.934693,50,250.942639
-108.710925,50,250.992364
-116.107822,50,251.050935
-117.399667,50,251.103637
-113.285948,50,251.16105
-108.083552,50,251.224319
-105.501302,50,251.280297
-113.269946,50,251.336925
-105.300473,50,251.397013
-112.831854,50,251.448221
-117.174408,50,251.496452
-112.629534,50,251.549779
-112.411623,50,251.600151
-116.352997,50,251.650778
-106.378072,50,251.700029
-108.083151,50,251.752192
-104.611151,50,251.805508
-117.417682,50,251.854975
-111.44245,50,251.907678
-107.454726,50,253.079358
-106.909386,50,253.140998
-108.410935,50,253.194737
-108.14143,50,253.249979
-118.127448,50,253.299075
-106.642319,50,253.356669
-109.690462,50,253.407341
-111.487268,50,253.458697
-105.604029,50,253.511339
-107.852035,50,253.568167
-114.834683,50,253.617244
-109.651794,50,253.670084
-116.828506,50,253.721685
-114.394952,50,253.775789
-115.467898,50,253.827441
-115.756349,50,253.879885
-115.808466,50,253.933481
-106.087643,50,253.988771
-112.524677,50,254.040476
-107.632654,50,254.091575
-115.982192,50,254.141834
-117.120274,50,254.200983
-116.376274,50,254.254995
-109.382716,50,254.305511
-111.211456,50,254.355004
-113.098939,50,254.406071
-105.352653,50,254.460522
-104.723075,50,254.519226
-115.690736,50,254.571706
-111.800587,50,254.631208
-110.174076,50,254.69022
-113.65452,50,254.741455
-115.329039,50,254.793524
-109.112718,50,254.842144
-107.330627,50,254.896606
-113.174763,50,254.957946
-106.608568,50,255.019145
-117.679737,50,255.0727
-109.574663,50,255.126205
-113.213405,50,255.17964
-105.258326,50,255.226708
-111.097902,50,256.284801
-115.549945,50,256.3347
-112.060158,50,256.386607
-106.894527,50,256.443351
-114.90069,50,256.4934
-116.253673,50,256.543556
-105.612572,50,256.59341
-117.127937,50,256.643562
-112.809723,50,256.697119
-105.975107,50,256.75574
-117.828839,50,256.805858
-112.090196,50,256.861723
-105.380763,50,256.922615
-111.224965,50,256.982838
-114.238775,50,257.039511
-112.115695,50,257.101269
-110.326568,50,257.154075
-108.193273,50,257.211016
-117.837846,50,257.263551
-104.806767,50,257.313205
-106.965399,50,257.36409
-114.2931,50,257.42305
-115.51129,50,257.479944
-109.342498,50,257.530709
-116.62891,50,257.583011
-112.380201,50,257.637704
-104.545212,50,257.690216
-116.542036,50,257.741141
-111.738568,50,257.797082
-111.999921,50,257.84773
-112.570549,50,257.905141
-114.803052,50,257.964278
-105.482235,50,258.026605
-113.411389,50,258.084121
-106.799818,50,258.143814
-116.999418,50,258.205259
-118.91806,50,258.259441
-107.069452,50,258.308858
-110.414989,50,258.361443
-116.455162,50,258.416101
-118.638187,50,258.478561
-114.082341,50,259.565269
-116.335924,50,259.616186
-114.170009,50,259.675943
-110.416696,50,259.733541
-112.792883,50,259.784203
-107.683924,50,259.844911
-115.951733,50,259.90984
-107.25538,50,259.97963
-116.796097,50,260.03202
-117.711559,50,260.092037
-106.416821,50,260.154238
-112.62122,50,260.21869
-112.938617,50,260.278016
-110.916593,50,260.330982
-113.620022,50,260.391091
-109.361522,50,260.459618
-115.525653,50,260.520958
-111.878025,50,260.587287
-114.0024,50,260.652517
-107.822138,50,260.714182
-107.988046,50,260.779196
-106.89939,50,260.838451
-105.920671,50,260.888576
-113.226867,50,260.946597
-118.608328,50,261.003775
-104.80868,50,261.059593
-106.845252,50,261.109229
-108.336696,50,261.165178
-106.300166,50,261.222075
-115.17162,50,261.274777
-108.978193,50,261.334358
-105.222553,50,261.383425
-111.652807,50,261.442285
-112.27522,50,261.494157
-109.271111,50,261.556561
-107.764907,50,261.61273
-105.005044,50,261.679389
-110.070891,50,261.747152
-111.246807,50,261.803568
-115.891545,50,261.862627
-107.031174,50,261.923639
-108.627971,50,263.046825
-115.394605,50,263.112305
-109.840595,50,263.175613
-115.957178,50,263.232463
-106.395684,50,263.290874
-114.491394,50,263.352488
-111.950953,50,263.424722
-107.926334,50,263.506341
-106.254648,50,263.574536
-104.482038,50,263.628406
-113.457478,50,263.680823
-109.900626,50,263.734628
-111.018154,50,263.787425
-109.685489,50,263.847529
-113.253536,50,263.912955
-106.369799,50,263.996108
-109.899453,50,264.061695
-111.401866,50,264.118594
-113.933209,50,264.168622
-107.256321,50,264.224999
-111.432287,50,264.282066
-107.302207,50,264.333478
-109.049637,50,264.393015
-108.076915,50,264.460903
-113.839341,50,264.514114
-110.733589,50,264.590586
-111.297776,50,264.666736
-110.263657,50,264.728118
-105.426594,50,264.790575
-106.741116,50,264.852653
-106.080388,50,264.907167
-110.803225,50,264.964892
-105.664271,50,265.024202
-107.404747,50,265.080467
-112.409234,50,265.135917
-110.939112,50,265.195164
-116.517745,50,265.250278
-112.525764,50,265.310837
-105.992895,50,265.388453
-114.474545,50,265.447266
-116.081159,50,265.513202
-104.902559,50,266.670922
-115.092508,50,266.723542
-108.651291,50,266.786739
-109.119668,50,266.849852
-111.422895,50,266.915582
-108.805052,50,266.969238
-108.842282,50,267.023569
-117.179103,50,267.09847
-104.696467,50,267.169726
-115.806589,50,267.232717
-115.820427,50,267.286857
-110.683849,50,267.343439
-107.287802,50,267.405383
-109.076566,50,267.468951
-106.63753,50,267.533968
-111.315477,50,267.585738
-108.877246,50,267.653468
-105.830908,50,267.717171
-105.086091,50,267.779979
-116.562962,50,267.830842
-104.53466,50,267.895275
-116.740711,50,267.960517
-114.281442,50,268.020384
-111.916655,50,268.082861
-104.510258,50,268.149999
-112.769911,50,268.210996
-105.280719,50,268.272613
-114.157362,50,268.334041
-112.114482,50,268.394492
-110.531235,50,268.450886
-115.025362,50,268.513326
-110.765928,50,268.574826
-108.288183,50,268.634732
-108.910521,50,268.693882
-115.305784,50,268.759905
-111.582002,50,268.822794
-106.824013,50,268.885737
-112.227581,50,268.94833
-108.617248,50,269.013688
-115.343468,50,269.064567
-105.793604,50,269.128436
