step,d_cube_median,d_ghost_median,finger_sum_median,cube_corner_median,arm_joints_pinned_median,grasping_pct
0,0.3389,0.33649,0.08,0.03106,0.0,0.0
1,0.33639,0.33261,0.08,0.02419,0.0,0.0
2,0.34085,0.33522,0.08,0.0134,0.0,0.0
3,0.34876,0.34113,0.08,-4e-05,0.0,0.0
4,0.34512,0.33499,0.08,-0.0,0.0,0.0
5,0.34197,0.32957,0.08,-0.0,0.0,0.0
6,0.3386,0.32418,0.08,-0.0,0.0,0.0
7,0.33248,0.31649,0.08,-0.0,0.0,0.0
8,0.32121,0.30404,0.08,-0.0,0.0,0.0
9,0.30406,0.28619,0.08,-0.0,0.0,0.0
10,0.28318,0.26491,0.07998,-0.0,0.0,0.0
11,0.2602,0.24197,0.07996,-0.0,0.0,0.0
12,0.23846,0.22023,0.07994,-0.0,0.0,0.0
13,0.21677,0.19888,0.07994,-0.0,0.0,0.0
14,0.19766,0.17989,0.07992,-0.0,0.0,0.0
15,0.17961,0.16208,0.07993,-0.0,0.0,0.0
16,0.16305,0.1455,0.07993,-0.0,0.0,0.0
17,0.14672,0.12928,0.07995,-0.0,0.0,0.0
18,0.13053,0.1131,0.07996,-0.0,0.0,0.0
19,0.11382,0.09665,0.07998,-0.0,0.0,0.0
20,0.09652,0.07982,0.07998,-0.0,0.0,0.0
21,0.0788,0.06303,0.07999,-0.0,0.0,0.0
22,0.06054,0.04667,0.07999,-0.0,0.0,0.0
23,0.04217,0.03276,0.08,-0.0,0.0,0.0
24,0.02433,0.02512,0.08,-0.0,0.0,0.0
25,0.00994,0.03039,0.08,-0.0,0.0,0.0
26,0.01273,0.03269,0.07627,-0.0,0.0,0.0
27,0.01306,0.03186,0.07996,-0.0,0.0,0.0
28,0.01555,0.0302,0.08,-0.0,0.0,0.0
29,0.0172,0.02939,0.07984,-0.0,0.0,0.0
30,0.01853,0.02884,0.07428,-0.0,0.0,0.0
31,0.02018,0.02876,0.06983,-0.0,0.0,0.0
32,0.02117,0.02936,0.06763,-0.0,0.0,0.0
33,0.02065,0.03143,0.06431,-0.0,0.0,0.2
34,0.01811,0.03437,0.06076,-0.0,0.0,8.6
35,0.01623,0.03799,0.05564,3e-05,0.0,39.1
36,0.01671,0.04103,0.04719,0.0001,0.0,85.9
37,0.01814,0.04289,0.04477,0.0002,0.0,99.2
38,0.01864,0.04382,0.04519,0.00025,0.0,99.6
39,0.01843,0.0433,0.04529,0.0007,0.0,99.0
40,0.018,0.0432,0.04526,0.00361,0.0,98.4
41,0.01741,0.04344,0.04529,0.00698,0.0,98.4
42,0.0172,0.04415,0.04529,0.01068,0.0,98.4
43,0.01713,0.04509,0.04528,0.01558,0.0,98.4
44,0.01716,0.04602,0.04526,0.01997,0.0,98.4
45,0.01707,0.0467,0.04525,0.02169,0.0,98.4
46,0.01703,0.04723,0.04525,0.0239,0.0,98.4
47,0.01705,0.04789,0.04525,0.02671,0.0,98.4
48,0.01703,0.04836,0.04523,0.02927,0.0,98.4
49,0.01704,0.04864,0.04522,0.03099,0.0,98.4
50,0.01703,0.04893,0.04523,0.03143,0.0,98.4
51,0.01703,0.04898,0.04522,0.03175,0.0,98.4
52,0.01703,0.04901,0.04522,0.03187,0.0,98.4
53,0.01706,0.04915,0.04522,0.03198,0.0,98.4
54,0.01708,0.04916,0.04521,0.03213,0.0,98.4
55,0.01708,0.0492,0.04521,0.03242,0.0,98.4
56,0.01709,0.04921,0.04522,0.03306,0.0,98.4
57,0.01712,0.04921,0.04521,0.03393,0.0,98.4
58,0.01719,0.04917,0.04521,0.03521,0.0,98.6
59,0.01718,0.04918,0.04522,0.03727,0.0,98.0
60,0.01724,0.04919,0.04521,0.03958,0.0,98.2
61,0.01721,0.04913,0.04521,0.04286,0.0,98.2
62,0.01726,0.04907,0.04521,0.04634,0.0,98.0
63,0.01729,0.04906,0.04521,0.04989,0.0,98.2
64,0.01728,0.04899,0.04521,0.05369,0.0,98.2
65,0.01729,0.04899,0.04521,0.05774,0.0,98.0
66,0.0173,0.04892,0.04521,0.06059,0.0,98.2
67,0.01728,0.04884,0.04521,0.0628,0.0,98.2
68,0.01729,0.04868,0.04522,0.06629,0.0,98.0
69,0.01729,0.04858,0.04522,0.06894,0.0,98.0
70,0.01728,0.04855,0.04522,0.07211,0.0,97.9
71,0.01729,0.04832,0.04522,0.075,0.0,97.9
72,0.0173,0.04841,0.04522,0.07831,0.0,97.9
73,0.01728,0.04823,0.04522,0.08162,0.0,97.9
74,0.0173,0.04807,0.04523,0.08352,0.0,97.7
75,0.01731,0.04805,0.04522,0.08638,0.0,97.7
76,0.01729,0.048,0.04521,0.08896,0.0,97.7
77,0.01729,0.04801,0.04522,0.09087,0.0,97.7
78,0.01729,0.04794,0.04521,0.09265,0.0,97.7
79,0.01727,0.0479,0.04522,0.09302,0.0,97.9
80,0.01727,0.04782,0.04521,0.09511,0.0,97.7
81,0.0173,0.04777,0.0452,0.09728,0.0,97.7
82,0.01729,0.04789,0.04522,0.09844,0.0,97.7
83,0.01729,0.04788,0.0452,0.10014,0.0,97.9
84,0.01729,0.048,0.0452,0.10222,0.0,97.7
85,0.0173,0.04797,0.04521,0.10332,0.0,97.7
86,0.01729,0.04796,0.0452,0.10518,0.0,97.7
87,0.01727,0.04799,0.0452,0.10883,0.0,97.7
88,0.01728,0.04807,0.04519,0.1119,0.0,97.7
89,0.01731,0.04808,0.0452,0.11483,0.0,97.7
90,0.0173,0.04808,0.0452,0.11729,0.0,97.5
91,0.01731,0.04814,0.04519,0.11973,0.0,97.7
92,0.01731,0.04815,0.04519,0.12126,0.0,97.5
93,0.01732,0.04811,0.04519,0.12163,0.0,97.7
94,0.01731,0.04818,0.04519,0.12295,0.0,97.5
95,0.01731,0.04817,0.04519,0.12313,0.0,97.7
96,0.0173,0.04821,0.04519,0.12338,0.0,97.5
97,0.01729,0.04819,0.04518,0.1236,0.0,97.7
98,0.01732,0.04816,0.04519,0.12368,0.0,97.5
99,0.01729,0.04818,0.04518,0.12376,0.0,97.7
100,0.0173,0.04819,0.04519,0.12351,0.0,97.5
101,0.01731,0.04813,0.04518,0.12361,0.0,97.7
102,0.01731,0.04819,0.04519,0.12346,0.0,97.5
103,0.01731,0.04818,0.04518,0.12334,0.0,97.7
104,0.01732,0.04817,0.04518,0.12328,0.0,97.7
105,0.0173,0.04821,0.04519,0.12349,0.0,97.7
106,0.0173,0.04818,0.04519,0.12313,0.0,97.5
107,0.01731,0.0482,0.04518,0.12354,0.0,97.7
108,0.01731,0.04815,0.04518,0.12333,0.0,97.5
109,0.01731,0.04823,0.04518,0.12336,0.0,97.7
110,0.01734,0.04813,0.04519,0.12291,0.0,97.7
111,0.01731,0.0482,0.04518,0.12308,0.0,97.7
112,0.0173,0.04819,0.04518,0.12286,0.0,97.7
113,0.0173,0.04817,0.04518,0.12311,0.0,97.7
114,0.01732,0.04815,0.04518,0.12291,0.0,97.5
115,0.01732,0.04809,0.04518,0.1229,0.0,97.7
116,0.01731,0.04818,0.04518,0.12256,0.0,97.5
117,0.0173,0.04812,0.04518,0.12289,0.0,97.7
118,0.01731,0.04821,0.04518,0.12242,0.0,97.5
119,0.01731,0.04819,0.04519,0.12292,0.0,97.7
120,0.01731,0.04819,0.04519,0.12237,0.0,97.7
121,0.01732,0.04812,0.04519,0.12241,0.0,97.7
122,0.0173,0.04814,0.04518,0.12237,0.0,97.5
123,0.01731,0.04814,0.04518,0.12243,0.0,97.7
124,0.0173,0.04815,0.04518,0.12233,0.0,97.7
125,0.01731,0.04814,0.04519,0.12259,0.0,97.7
126,0.01731,0.0482,0.04518,0.12225,0.0,97.5
127,0.01733,0.04818,0.04518,0.12247,0.0,97.7
128,0.01732,0.04821,0.04518,0.12229,0.0,97.5
129,0.01733,0.04819,0.04518,0.12227,0.0,97.7
130,0.01731,0.04819,0.04518,0.12206,0.0,97.7
131,0.01731,0.04813,0.04519,0.12216,0.0,97.7
132,0.01731,0.04813,0.04518,0.1221,0.0,97.7
133,0.01731,0.04812,0.04518,0.12211,0.0,97.7
134,0.01731,0.04812,0.04518,0.12214,0.0,97.7
135,0.01732,0.04812,0.04518,0.12212,0.0,97.7
136,0.01732,0.04813,0.04518,0.1219,0.0,97.5
137,0.0173,0.04809,0.04518,0.12214,0.0,97.7
138,0.01731,0.04809,0.04518,0.12208,0.0,97.5
139,0.01731,0.04808,0.04518,0.12226,0.0,97.7
140,0.01731,0.0481,0.04518,0.12203,0.0,97.7
141,0.0173,0.0481,0.04519,0.12212,0.0,97.7
142,0.01732,0.0481,0.04518,0.12217,0.0,97.7
143,0.01734,0.04806,0.04518,0.1222,0.0,97.7
144,0.0173,0.04809,0.04518,0.1222,0.0,97.5
145,0.01731,0.04808,0.04519,0.12226,0.0,97.7
146,0.01733,0.04808,0.04518,0.12238,0.0,97.7
147,0.01732,0.04809,0.04518,0.12237,0.0,97.7
148,0.01733,0.04809,0.04518,0.12241,0.0,97.5
149,0.01733,0.04807,0.04518,0.12247,0.0,97.7
150,0.01731,0.04808,0.04518,0.12211,0.0,97.7
151,0.01731,0.0481,0.04518,0.12224,0.0,97.7
152,0.01732,0.04815,0.04518,0.12226,0.0,97.5
153,0.01733,0.04818,0.04518,0.1223,0.0,97.7
154,0.01731,0.04814,0.04518,0.12203,0.0,97.7
155,0.01732,0.04815,0.04518,0.12208,0.0,97.7
156,0.01732,0.04809,0.04518,0.12174,0.0,97.5
157,0.01732,0.04813,0.04518,0.12202,0.0,97.7
158,0.01733,0.04814,0.04518,0.12174,0.0,97.5
159,0.01732,0.04811,0.04518,0.12195,0.0,97.7
160,0.0173,0.04808,0.04518,0.12202,0.0,97.5
161,0.01731,0.04809,0.04518,0.12208,0.0,97.7
162,0.01731,0.04814,0.04518,0.12205,0.0,97.7
163,0.0173,0.04807,0.04518,0.12202,0.0,97.7
164,0.01731,0.04813,0.04518,0.12209,0.0,97.7
165,0.01732,0.04814,0.04518,0.12228,0.0,97.7
166,0.01731,0.04809,0.04518,0.12207,0.0,97.5
167,0.01731,0.04811,0.04518,0.12234,0.0,97.7
168,0.01732,0.0481,0.04518,0.12212,0.0,97.7
169,0.01732,0.0481,0.04518,0.12243,0.0,97.7
170,0.01733,0.04807,0.04518,0.12205,0.0,97.5
171,0.01731,0.04808,0.04518,0.12228,0.0,97.7
172,0.01732,0.04814,0.04518,0.12219,0.0,97.7
173,0.01731,0.04808,0.04518,0.12226,0.0,97.7
174,0.01731,0.04812,0.04518,0.12207,0.0,97.7
175,0.01731,0.04813,0.04518,0.12214,0.0,97.7
176,0.01732,0.04812,0.04518,0.12225,0.0,97.5
177,0.01731,0.04811,0.04518,0.12236,0.0,97.7
178,0.01731,0.04808,0.04518,0.12214,0.0,97.7
179,0.0173,0.04811,0.04518,0.12237,0.0,97.7
180,0.01733,0.04805,0.04518,0.12213,0.0,97.7
181,0.01732,0.0481,0.04518,0.12215,0.0,97.7
182,0.0173,0.04807,0.04518,0.12209,0.0,97.7
183,0.01733,0.04813,0.04518,0.12223,0.0,97.7
184,0.01731,0.04814,0.04518,0.12224,0.0,97.5
185,0.01732,0.04813,0.04518,0.12235,0.0,97.7
186,0.01733,0.04817,0.04518,0.12212,0.0,97.7
187,0.01732,0.04816,0.04519,0.12213,0.0,97.7
188,0.01732,0.04818,0.04518,0.12207,0.0,97.7
189,0.0173,0.04814,0.04518,0.12225,0.0,97.7
190,0.01732,0.0482,0.04518,0.12227,0.0,97.5
191,0.01731,0.04813,0.04518,0.12209,0.0,97.7
192,0.01731,0.04812,0.04518,0.1219,0.0,97.7
193,0.0173,0.0481,0.04518,0.12218,0.0,97.7
194,0.01731,0.04811,0.04518,0.12196,0.0,97.7
195,0.01731,0.04806,0.04518,0.12206,0.0,97.7
196,0.01731,0.04809,0.04518,0.12189,0.0,97.7
197,0.01731,0.04812,0.04518,0.12187,0.0,97.7
198,0.01732,0.04806,0.04518,0.12174,0.0,97.7
199,0.01731,0.0481,0.04519,0.12204,0.0,97.7
200,0.01731,0.04809,0.04518,0.12178,0.0,97.7
201,0.0173,0.04809,0.04518,0.12198,0.0,97.7
202,0.0173,0.04812,0.04518,0.12198,0.0,97.5
203,0.0173,0.04814,0.04518,0.12224,0.0,97.7
204,0.01732,0.04813,0.04518,0.1219,0.0,97.5
205,0.01732,0.04812,0.04518,0.12181,0.0,97.7
206,0.01731,0.04809,0.04518,0.12165,0.0,97.7
207,0.01731,0.04813,0.04518,0.1221,0.0,97.7
208,0.01732,0.04808,0.04518,0.12195,0.0,97.7
209,0.0173,0.0481,0.04519,0.12195,0.0,97.7
210,0.0173,0.0481,0.04518,0.12203,0.0,97.7
211,0.01731,0.04808,0.04519,0.12216,0.0,97.7
212,0.01731,0.04809,0.04518,0.12163,0.0,97.5
213,0.01732,0.04811,0.04518,0.12215,0.0,97.7
214,0.01731,0.04812,0.04518,0.12209,0.0,97.7
215,0.01732,0.04811,0.04518,0.12219,0.0,97.7
216,0.01734,0.04814,0.04518,0.12222,0.0,97.7
217,0.01732,0.04811,0.04519,0.1222,0.0,97.7
218,0.01732,0.04811,0.04518,0.12197,0.0,97.7
219,0.0173,0.04811,0.04518,0.12199,0.0,97.7
220,0.01732,0.04814,0.04518,0.12205,0.0,97.7
221,0.0173,0.04811,0.04518,0.12195,0.0,97.5
222,0.0173,0.04816,0.04518,0.12204,0.0,97.7
223,0.01732,0.04812,0.04519,0.12213,0.0,97.5
224,0.01732,0.04822,0.04518,0.12217,0.0,97.7
225,0.01731,0.04813,0.04518,0.12199,0.0,97.5
226,0.01731,0.04821,0.04518,0.122,0.0,97.7
227,0.01732,0.04819,0.04518,0.12217,0.0,97.7
228,0.01732,0.04822,0.04518,0.12196,0.0,97.7
229,0.01732,0.04817,0.04518,0.1218,0.0,97.5
230,0.01731,0.04819,0.04518,0.12188,0.0,97.7
231,0.01732,0.04818,0.04518,0.12196,0.0,97.7
232,0.01731,0.04821,0.04518,0.12201,0.0,97.7
233,0.01731,0.04819,0.04519,0.1219,0.0,97.5
234,0.01731,0.04817,0.04518,0.12198,0.0,97.7
235,0.01731,0.04813,0.04518,0.12164,0.0,97.7
236,0.01733,0.04816,0.04519,0.1218,0.0,97.7
237,0.01733,0.04815,0.04518,0.12203,0.0,97.5
238,0.01735,0.04818,0.04518,0.12172,0.0,97.7
239,0.01732,0.04815,0.04519,0.12172,0.0,97.7
240,0.01731,0.04813,0.04518,0.12173,0.0,97.7
241,0.01732,0.04814,0.04518,0.12173,0.0,97.7
242,0.01731,0.04813,0.04518,0.12203,0.0,97.7
243,0.01731,0.04813,0.04518,0.12194,0.0,97.7
244,0.01732,0.04814,0.04518,0.12201,0.0,97.7
245,0.01734,0.0481,0.04518,0.12184,0.0,97.7
246,0.01732,0.04814,0.04518,0.12209,0.0,97.7
247,0.01731,0.04811,0.04519,0.12227,0.0,97.7
248,0.01732,0.04816,0.04518,0.12206,0.0,97.7
249,0.33491,0.33252,0.08,0.034,0.0,0.0
