step,cube_z,lowest_corner,tilt_deg,finger_sum,gap
0,0.05206,0.03106,0.0,0.08,0.33635
1,0.04519,0.02419,0.0,0.08,0.34606
2,0.0344,0.0134,0.0,0.08,0.3515
3,0.021,-4e-05,0.1,0.08,0.35769
4,0.021,-0.0,0.0,0.08,0.35702
5,0.021,-0.0,0.0,0.07998,0.3469
6,0.021,-0.0,0.0,0.08,0.33313
7,0.021,-0.0,0.0,0.08,0.32497
8,0.021,-0.0,0.0,0.07999,0.30671
9,0.021,-0.0,0.0,0.07999,0.28482
10,0.021,-0.0,0.0,0.08,0.27274
11,0.021,-0.0,0.0,0.08,0.24812
12,0.021,-0.0,0.0,0.08,0.22316
13,0.021,-0.0,0.0,0.08,0.20893
14,0.021,-0.0,0.0,0.08,0.1833
15,0.021,-0.0,0.0,0.08,0.15882
16,0.021,-0.0,0.0,0.08,0.14313
17,0.021,-0.0,0.0,0.08,0.11734
18,0.021,-0.0,0.0,0.08,0.09619
19,0.021,-0.0,0.0,0.08,0.08087
20,0.021,-0.0,0.0,0.07999,0.05983
21,0.021,-0.0,0.0,0.08,0.04392
22,0.02109,-0.0001,0.4,0.08,0.03371
23,0.02363,0.00035,6.0,0.07997,0.0199
24,0.0247,0.00047,9.7,0.07993,0.01361
25,0.02486,0.00046,10.2,0.07193,0.01609
26,0.02493,0.00051,10.3,0.06798,0.01543
27,0.02469,0.00046,9.7,0.0651,0.01578
28,0.0247,0.00046,9.7,0.06208,0.01636
29,0.02411,0.00039,8.0,0.05495,0.01529
30,0.02388,0.00021,7.5,0.04881,0.01543
31,0.02397,0.00035,7.1,0.05085,0.01631
32,0.02625,0.00072,10.4,0.04754,0.01512
33,0.02494,0.00041,10.4,0.04572,0.01443
34,0.02458,0.00038,9.4,0.04419,0.01536
35,0.02549,0.00056,10.6,0.04776,0.01495
36,0.02935,0.00282,13.2,0.04672,0.01499
37,0.02678,0.00076,12.6,0.04318,0.01603
38,0.02716,0.00083,13.0,0.04664,0.01626
39,0.03013,0.00246,16.4,0.04593,0.01522
40,0.02901,0.00111,19.8,0.04181,0.01704
41,0.02923,0.00169,17.5,0.04451,0.01789
42,0.03155,0.00308,19.8,0.04539,0.01704
43,0.02979,0.00162,19.4,0.0412,0.01959
44,0.02978,0.00137,19.5,0.04492,0.01969
45,0.03327,0.00408,21.4,0.04559,0.01787
46,0.0307,0.00188,21.2,0.04174,0.01969
47,0.03147,0.00249,21.3,0.04446,0.02064
48,0.03315,0.00359,23.0,0.04554,0.01855
49,0.03234,0.0029,22.4,0.04304,0.01876
50,0.03218,0.00283,22.0,0.04394,0.01944
51,0.0345,0.0044,24.0,0.04561,0.01762
52,0.03291,0.00302,23.3,0.04401,0.01721
53,0.03232,0.0027,22.7,0.04457,0.01742
54,0.03776,0.00692,26.2,0.04566,0.01667
55,0.03653,0.00589,26.0,0.04559,0.01646
56,0.03398,0.00374,24.6,0.04497,0.01643
57,0.03608,0.00534,26.1,0.04559,0.01613
58,0.03653,0.00578,26.4,0.04558,0.01618
59,0.03369,0.00341,24.9,0.04543,0.01611
60,0.03744,0.00635,27.2,0.04568,0.01598
61,0.03818,0.00705,27.7,0.04559,0.01619
62,0.03477,0.00423,25.8,0.04561,0.01604
63,0.03705,0.00613,27.3,0.04557,0.01604
64,0.03862,0.00758,28.2,0.04558,0.01614
65,0.03613,0.00557,26.9,0.0456,0.01604
66,0.0376,0.00687,28.0,0.04558,0.0161
67,0.04028,0.00927,29.6,0.04559,0.01611
68,0.03781,0.00718,28.0,0.0456,0.01604
69,0.03564,0.0053,26.9,0.0456,0.01603
70,0.04118,0.00983,30.0,0.04564,0.01605
71,0.03923,0.00829,28.7,0.04561,0.01608
72,0.03686,0.00612,27.5,0.04562,0.01606
73,0.03949,0.00827,28.8,0.04561,0.01611
74,0.04019,0.00894,29.2,0.04556,0.01613
75,0.03736,0.00655,27.6,0.0456,0.01604
76,0.03957,0.00841,29.0,0.04561,0.016
77,0.04083,0.00966,29.8,0.04558,0.01611
78,0.03828,0.00751,28.4,0.04561,0.01604
79,0.03989,0.00899,29.6,0.04558,0.01611
80,0.04241,0.01129,31.2,0.04561,0.01609
81,0.04095,0.01006,30.2,0.0456,0.01606
82,0.03927,0.0086,29.3,0.0456,0.01603
83,0.04416,0.01267,32.2,0.04564,0.01606
84,0.04062,0.0096,29.6,0.04565,0.01603
85,0.03858,0.00765,28.5,0.04559,0.01603
86,0.04266,0.01103,31.0,0.04564,0.01603
87,0.03835,0.00729,27.9,0.0456,0.01611
88,0.03611,0.00524,26.8,0.04562,0.01608
89,0.04027,0.00868,29.2,0.04564,0.01602
90,0.03985,0.00854,28.7,0.04561,0.01607
91,0.03617,0.00533,26.7,0.04561,0.01603
92,0.03912,0.00781,28.6,0.04557,0.01604
93,0.03859,0.00752,28.1,0.04559,0.01608
94,0.03469,0.0042,26.0,0.04562,0.01604
95,0.03707,0.0062,27.4,0.04557,0.01604
96,0.03855,0.00765,28.2,0.04557,0.01605
97,0.03584,0.00535,26.8,0.04561,0.01605
98,0.03845,0.00761,28.4,0.04555,0.01612
99,0.04012,0.00924,29.6,0.04566,0.01595
100,0.03823,0.00765,28.6,0.04561,0.01608
101,0.03949,0.00886,29.6,0.04558,0.01608
102,0.04202,0.01118,31.2,0.04559,0.01615
103,0.04035,0.00967,30.1,0.04561,0.01603
104,0.03944,0.00894,29.7,0.04562,0.0161
105,0.04414,0.01287,32.5,0.04563,0.01606
106,0.04112,0.01016,30.4,0.04564,0.01612
107,0.03915,0.00832,29.0,0.04563,0.01607
108,0.04455,0.01283,32.1,0.04564,0.01603
109,0.04309,0.01152,31.0,0.04566,0.016
110,0.03965,0.00845,29.0,0.04563,0.01603
111,0.04391,0.01203,31.6,0.04562,0.01606
112,0.04579,0.01389,32.8,0.04563,0.01598
113,0.04381,0.01222,31.7,0.04562,0.01604
114,0.04619,0.0143,33.5,0.04557,0.01611
115,0.04669,0.01515,34.0,0.04563,0.01612
116,0.04542,0.01383,33.2,0.04563,0.01602
117,0.04863,0.01664,35.2,0.04561,0.01607
118,0.04599,0.01421,33.2,0.04562,0.01613
119,0.04388,0.01216,31.8,0.0456,0.0161
120,0.04608,0.01416,33.0,0.04566,0.016
121,0.04605,0.01395,33.0,0.04561,0.01618
122,0.04355,0.01169,31.4,0.04561,0.0161
123,0.04648,0.01422,33.2,0.04562,0.01607
124,0.04748,0.01514,33.8,0.04561,0.01617
125,0.04481,0.01283,32.3,0.04561,0.01611
126,0.0473,0.01502,33.8,0.04562,0.01606
127,0.04941,0.01697,35.2,0.04564,0.01623
128,0.04789,0.01567,34.3,0.04561,0.01616
129,0.04911,0.01686,35.1,0.04564,0.01608
130,0.05231,0.01987,37.4,0.04568,0.01618
131,0.04865,0.01619,34.5,0.0456,0.01621
132,0.04623,0.01394,33.0,0.0456,0.01611
133,0.05072,0.01789,35.8,0.04563,0.01607
134,0.0497,0.0171,35.2,0.04566,0.01608
135,0.04683,0.01451,33.4,0.04563,0.01604
136,0.04997,0.0173,35.6,0.04561,0.01609
137,0.04972,0.01726,35.4,0.0456,0.01612
138,0.04694,0.01492,33.5,0.0457,0.01604
139,0.05013,0.01766,35.9,0.0456,0.01611
140,0.05101,0.0186,36.3,0.04562,0.01615
141,0.04851,0.01634,34.8,0.04561,0.01609
142,0.04949,0.01731,35.6,0.04559,0.01611
143,0.05237,0.02007,37.6,0.04565,0.01609
144,0.04866,0.01654,34.8,0.04565,0.01609
145,0.04731,0.01529,34.1,0.0456,0.01612
146,0.05293,0.02041,36.8,0.04563,0.01603
147,0.04849,0.01613,34.5,0.04564,0.01611
148,0.04495,0.01286,32.2,0.04561,0.0161
149,0.04796,0.01548,34.1,0.0456,0.01612
150,0.05047,0.01794,35.8,0.0456,0.01608
151,0.04949,0.01714,35.3,0.04563,0.01603
152,0.05088,0.01844,36.3,0.04563,0.01606
153,0.05438,0.02167,38.6,0.04563,0.01617
154,0.05082,0.01804,35.7,0.04562,0.01617
155,0.04827,0.01557,34.1,0.04561,0.01612
156,0.05071,0.01773,35.9,0.0456,0.01623
157,0.05332,0.02031,37.5,0.04564,0.01605
158,0.0502,0.01763,35.3,0.0457,0.01592
159,0.05037,0.01775,35.7,0.04557,0.01608
160,0.05522,0.02222,38.1,0.04561,0.0161
161,0.04933,0.01663,34.7,0.04552,0.01648
162,0.04537,0.01266,32.5,0.04545,0.0165
163,0.04631,0.01347,33.1,0.04541,0.01658
164,0.04939,0.01628,35.0,0.04552,0.01656
165,0.0439,0.01114,31.5,0.04545,0.01665
166,0.04144,0.00896,30.0,0.04545,0.01643
167,0.04409,0.01127,31.6,0.04545,0.01654
168,0.04678,0.01366,33.3,0.04551,0.01652
169,0.0432,0.01053,31.1,0.04551,0.01646
170,0.0403,0.00795,29.3,0.04545,0.01647
171,0.04217,0.00964,30.4,0.04547,0.01653
172,0.04492,0.01206,32.1,0.0455,0.01654
173,0.04013,0.00795,28.9,0.04553,0.01639
174,0.03707,0.0052,27.3,0.04545,0.01653
175,0.03841,0.00638,28.1,0.04542,0.01655
176,0.04153,0.00907,29.9,0.04551,0.01657
177,0.0365,0.00477,26.7,0.04548,0.01656
178,0.03417,0.00273,25.5,0.04546,0.01653
179,0.03618,0.00447,26.6,0.04545,0.01648
180,0.03925,0.00704,28.6,0.04549,0.01655
181,0.03513,0.00356,26.0,0.04551,0.01636
182,0.03425,0.00284,25.4,0.04443,0.01656
183,0.03984,0.00756,28.4,0.04545,0.0165
184,0.03733,0.00523,27.4,0.04543,0.01651
185,0.03343,0.00193,25.1,0.04546,0.01645
186,0.03498,0.00317,26.1,0.04547,0.01653
187,0.0402,0.00768,28.6,0.04544,0.01654
188,0.03709,0.0049,27.3,0.04547,0.01658
189,0.03293,0.00154,24.4,0.04549,0.01654
190,0.03434,0.00239,26.2,0.04541,0.01663
191,0.03969,0.00718,28.2,0.04545,0.0166
192,0.03329,0.00154,25.6,0.0455,0.01671
193,0.03189,0.00166,21.0,0.04483,0.01697
194,0.03621,0.00503,23.8,0.04572,0.01687
195,0.0396,0.00777,25.8,0.04571,0.01685
196,0.0356,0.00459,23.3,0.04556,0.01712
197,0.03181,0.00137,21.6,0.04537,0.01709
198,0.0351,0.00395,23.7,0.04533,0.01711
199,0.03752,0.00594,25.0,0.04536,0.0171
200,0.0341,0.00305,23.4,0.04541,0.01717
201,0.03437,0.0032,23.7,0.04536,0.01709
202,0.03873,0.00671,26.5,0.04539,0.01709
203,0.03721,0.0055,25.5,0.04543,0.01708
204,0.03224,0.00137,23.6,0.04552,0.01729
205,0.03239,0.00143,24.0,0.04622,0.0174
206,0.04018,0.00823,27.1,0.04556,0.01734
207,0.03631,0.00497,25.2,0.04572,0.01782
208,0.03524,0.00394,25.9,0.04588,0.01766
209,0.04092,0.00859,29.3,0.04589,0.01772
210,0.04536,0.01225,32.0,0.04588,0.0177
211,0.04181,0.00922,31.4,0.0459,0.01766
212,0.04244,0.00978,32.8,0.04588,0.0177
213,0.05179,0.01806,37.8,0.04594,0.01776
214,0.04844,0.01487,37.9,0.04587,0.01772
215,0.05208,0.01807,41.8,0.0458,0.01795
216,0.06609,0.03154,47.3,0.04589,0.01799
217,0.06514,0.03071,42.6,0.04606,0.01852
218,0.0682,0.03311,45.0,0.04601,0.01858
219,0.08137,0.0458,50.2,0.04594,0.0187
220,0.09071,0.05483,53.2,0.04589,0.01864
221,0.09126,0.05526,53.3,0.0459,0.01852
222,0.08695,0.05084,52.8,0.0459,0.01856
223,0.09465,0.0585,55.5,0.04591,0.01855
224,0.09924,0.06314,57.0,0.04594,0.01857
225,0.10014,0.06403,58.9,0.04592,0.01853
226,0.11634,0.08063,63.6,0.04605,0.0186
227,0.1244,0.08894,63.5,0.04612,0.01863
228,0.12026,0.0847,64.6,0.04543,0.01906
229,0.13074,0.09553,67.2,0.04549,0.01907
230,0.14364,0.10897,69.2,0.04548,0.01904
231,0.14345,0.10883,68.6,0.04558,0.01917
232,0.14916,0.1149,71.1,0.04531,0.01917
233,0.16427,0.13087,76.0,0.04533,0.01919
234,0.16717,0.13396,75.9,0.04537,0.01922
235,0.16152,0.12828,77.2,0.04535,0.01911
236,0.16323,0.13029,78.7,0.04535,0.01921
237,0.16796,0.13521,79.1,0.04532,0.01909
238,0.1615,0.12842,78.0,0.04529,0.02085
239,0.15311,0.11957,76.8,0.04518,0.02102
240,0.15425,0.12105,78.7,0.0452,0.02101
241,0.16114,0.12798,78.8,0.04515,0.02106
242,0.16009,0.12675,77.9,0.0451,0.02092
243,0.15306,0.11913,74.7,0.04513,0.02101
244,0.15594,0.12234,76.6,0.04518,0.02112
245,0.16186,0.1282,75.8,0.04518,0.02105
246,0.1577,0.124,75.8,0.04511,0.02157
247,0.15669,0.12316,77.1,0.04514,0.02143
248,0.16415,0.13116,79.2,0.04509,0.02151
